<?xml version="1.0" encoding="UTF-8"?>

<Bundle xmlns="http://hl7.org/fhir">
  <id value="d3ef4c72-baca-4cd5-b9c2-4de93ad72770"/>
  <meta>
    <versionId value="1"/>
    <lastUpdated value="2023-12-28T15:14:45.2373408+00:00"/>
    <source value="EDRS-IJE:Bundle/d3ef4c72-baca-4cd5-b9c2-4de93ad72770"/>
    <profile value="http://hl7.org/fhir/us/vrdr/StructureDefinition/vrdr-death-certificate-document"/>
  </meta>
  <identifier>
    <extension url="http://hl7.org/fhir/us/vrdr/StructureDefinition/CertificateNumber">
      <valueString value="240014"/>
    </extension>
    <system value="http://nchs.cdc.gov/vrdr_id"/>
    <value value="2023VT240014"/>
  </identifier>
  <type value="document"/>
  <timestamp value="2023-12-28T10:14:45.1989236-05:00"/>
  <entry>
    <fullUrl value="urn:uuid:07def0e9-6c1b-4f20-9511-b4c72ce9c69b"/>
    <resource>
      <Composition>
        <id value="07def0e9-6c1b-4f20-9511-b4c72ce9c69b"/>
        <meta>
          <versionId value="1"/>
          <lastUpdated value="2023-12-28T15:14:45.2344519+00:00"/>
          <source value="EDRS-IJE:Bundle/d3ef4c72-baca-4cd5-b9c2-4de93ad72770"/>
          <profile value="http://hl7.org/fhir/us/vrdr/StructureDefinition/vrdr-death-certificate"/>
        </meta>
        <text>
          <status value="generated"/><div xmlns="http://www.w3.org/1999/xhtml"><p><b>Generated Narrative: Composition</b><a name="07def0e9-6c1b-4f20-9511-b4c72ce9c69b"> </a></p><div style="display: inline-block; background-color: #d9e0e7; padding: 6px; margin: 4px; border: 1px solid #8da1b4; border-radius: 5px; line-height: 60%"><p style="margin-bottom: 0px">Resource Composition &quot;07def0e9-6c1b-4f20-9511-b4c72ce9c69b&quot; Version &quot;1&quot; Updated &quot;2023-12-28 15:14:45+0000&quot; </p><p style="margin-bottom: 0px">Information Source: EDRS-IJE:Bundle/d3ef4c72-baca-4cd5-b9c2-4de93ad72770!</p><p style="margin-bottom: 0px">Profile: <a href="https://build.fhir.org/ig/HL7/vrdr//StructureDefinition-vrdr-death-certificate.html">Death Certificate</a></p></div><p><b>status</b>: final</p><p><b>type</b>: Death certificate <span style="background: LightGoldenRodYellow; margin: 4px; border: 1px solid khaki"> (<a href="https://loinc.org/">LOINC</a>#64297-5)</span></p><p><b>date</b>: 2023-12-28 15:14:45+0000</p><p><b>author</b>: <a href="#Practitioner_a7c26122-123b-4559-8edc-d122eb2ccf59">See above (urn:uuid:a7c26122-123b-4559-8edc-d122eb2ccf59)</a></p><p><b>title</b>: Death Certificate</p><h3>Attesters</h3><table class="grid"><tr><td style="display: none">-</td><td><b>Mode</b></td><td><b>Party</b></td></tr><tr><td style="display: none">*</td><td>legal</td><td><a href="#Practitioner_a7c26122-123b-4559-8edc-d122eb2ccf59">See above (urn:uuid:a7c26122-123b-4559-8edc-d122eb2ccf59)</a></td></tr></table><h3>Events</h3><table class="grid"><tr><td style="display: none">-</td><td><b>Code</b></td><td><b>Detail</b></td></tr><tr><td style="display: none">*</td><td>Diagnostic procedure (procedure) <span style="background: LightGoldenRodYellow; margin: 4px; border: 1px solid khaki"> (<a href="https://browser.ihtsdotools.org/">SNOMED CT</a>#103693007)</span></td><td><a href="#Procedure_ff711839-b145-4192-9a46-d6e507cef1b1">See above (urn:uuid:ff711839-b145-4192-9a46-d6e507cef1b1)</a></td></tr></table></div>
        </text>
        <status value="final"/>
        <type>
          <coding>
            <system value="http://loinc.org"/>
            <code value="64297-5"/>
            <display value="Death certificate"/>
          </coding>
        </type>
        <subject>
          <reference value="Patient/1c869329-6b5c-410d-a1f8-d51d0a049e9e"/>
        </subject>
        <date value="2023-12-28T15:14:45+00:00"/>
        <author>
          <reference value="urn:uuid:a7c26122-123b-4559-8edc-d122eb2ccf59"/>
        </author>
        <title value="Death Certificate"/>
        <attester>
          <mode value="legal"/>
          <party>
            <reference value="urn:uuid:a7c26122-123b-4559-8edc-d122eb2ccf59"/>
          </party>
        </attester>
        <event>
          <code>
            <coding>
              <system value="http://snomed.info/sct"/>
              <code value="103693007"/>
              <display value="Diagnostic procedure (procedure)"/>
            </coding>
          </code>
          <detail>
            <reference value="urn:uuid:ff711839-b145-4192-9a46-d6e507cef1b1"/>
          </detail>
        </event>
        <section>
          <code>
            <coding>
              <system value="http://hl7.org/fhir/us/vrdr/CodeSystem/vrdr-document-section-cs"/>
              <code value="DecedentDemographics"/>
            </coding>
          </code>
          <entry>
            <reference value="urn:uuid:1c869329-6b5c-410d-a1f8-d51d0a049e9e"/>
          </entry>
          <entry>
            <reference value="urn:uuid:fed172dc-f5a0-41a8-afbf-98fa756fd307"/>
          </entry>
          <entry>
            <reference value="urn:uuid:50b2f51d-930f-4410-b01f-8d860dd88f11"/>
          </entry>
          <entry>
            <reference value="urn:uuid:a3b86fd4-b9f7-47a4-8f2a-7ca3f14a6425"/>
          </entry>
          <entry>
            <reference value="urn:uuid:91e9e4fc-8080-42aa-ac40-4aa4e0285624"/>
          </entry>
          <entry>
            <reference value="urn:uuid:cb29b307-62a4-4733-9c94-64b97ac92f64"/>
          </entry>
        </section>
        <section>
          <code>
            <coding>
              <system value="http://hl7.org/fhir/us/vrdr/CodeSystem/vrdr-document-section-cs"/>
              <code value="DeathCertification"/>
            </coding>
          </code>
          <entry>
            <reference value="urn:uuid:a7c26122-123b-4559-8edc-d122eb2ccf59"/>
          </entry>
          <entry>
            <reference value="urn:uuid:ff711839-b145-4192-9a46-d6e507cef1b1"/>
          </entry>
          <entry>
            <reference value="urn:uuid:78eb0c92-34e8-4be9-b84c-8860482a4702"/>
          </entry>
        </section>
        <section>
          <code>
            <coding>
              <system value="http://hl7.org/fhir/us/vrdr/CodeSystem/vrdr-document-section-cs"/>
              <code value="DeathInvestigation"/>
            </coding>
          </code>
          <entry>
            <reference value="urn:uuid:db527019-eeda-47d1-8ed2-bacbc6651ce1"/>
          </entry>
          <entry>
            <reference value="urn:uuid:3e2da10c-50cc-453a-97d5-c1b16f28d122"/>
          </entry>
          <entry>
            <reference value="urn:uuid:c5533e65-d650-4554-a760-d1d3a2a64964"/>
          </entry>
          <entry>
            <reference value="urn:uuid:1dc1cbf6-83c2-4656-bcde-0034b8796f72"/>
          </entry>
          <entry>
            <reference value="urn:uuid:d6871f50-6e81-4244-b688-8d57858d9a6b"/>
          </entry>
        </section>
        <section>
          <code>
            <coding>
              <system value="http://hl7.org/fhir/us/vrdr/CodeSystem/vrdr-document-section-cs"/>
              <code value="DecedentDisposition"/>
            </coding>
          </code>
          <entry>
            <reference value="urn:uuid:23002917-2563-4188-be79-53edb63df32b"/>
          </entry>
        </section>
      </Composition>
    </resource>
  </entry>
  <entry>
    <fullUrl value="urn:uuid:1c869329-6b5c-410d-a1f8-d51d0a049e9e"/>
    <resource>
      <Patient>
        <id value="1c869329-6b5c-410d-a1f8-d51d0a049e9e"/>
        <meta>
          <versionId value="1"/>
          <lastUpdated value="2023-12-28T15:14:45.2344661+00:00"/>
          <source value="EDRS-IJE:Bundle/d3ef4c72-baca-4cd5-b9c2-4de93ad72770"/>
          <profile value="http://hl7.org/fhir/us/vrdr/StructureDefinition/vrdr-decedent"/>
        </meta>
        <text>
          <status value="extensions"/><div xmlns="http://www.w3.org/1999/xhtml"><p><b>Generated Narrative: Patient</b><a name="1c869329-6b5c-410d-a1f8-d51d0a049e9e"> </a></p><div style="display: inline-block; background-color: #d9e0e7; padding: 6px; margin: 4px; border: 1px solid #8da1b4; border-radius: 5px; line-height: 60%"><p style="margin-bottom: 0px">Resource Patient &quot;1c869329-6b5c-410d-a1f8-d51d0a049e9e&quot; Version &quot;1&quot; Updated &quot;2023-12-28 15:14:45+0000&quot; </p><p style="margin-bottom: 0px">Information Source: EDRS-IJE:Bundle/d3ef4c72-baca-4cd5-b9c2-4de93ad72770!</p><p style="margin-bottom: 0px">Profile: <a href="https://build.fhir.org/ig/HL7/vrdr//StructureDefinition-vrdr-decedent.html">Decedent</a></p></div><p><b>NVSS SexAtDeath</b>: Male <span style="background: LightGoldenRodYellow; margin: 4px; border: 1px solid khaki"> (<a href="http://hl7.org/fhir/R4/codesystem-administrative-gender.html">AdministrativeGender</a>#male)</span></p><p><b>Birth Place</b>: VT US </p><p><b>Spouse Is Alive</b>: Yes <span style="background: LightGoldenRodYellow; margin: 4px; border: 1px solid khaki"> (<a href="http://hl7.org/fhir/R4/v2/0136/index.html">v2 Y/N Indicator</a>#Y)</span></p><p><b>identifier</b>: Social Beneficiary Identifier: <a href="http://terminology.hl7.org/3.1.0/NamingSystem-ssn.html">#</a>429471210</p><p><b>name</b>: Suja (OFFICIAL)</p><p><b>gender</b>: unknown</p><p><b>birthDate</b>: ??</p><p><b>address</b>: VT US </p><p><b>maritalStatus</b>: Divorced <span style="background: LightGoldenRodYellow; margin: 4px; border: 1px solid khaki"> (<a href="http://terminology.hl7.org/3.1.0/CodeSystem-v3-MaritalStatus.html">MaritalStatus</a>#D)</span></p></div>
        </text>
        <extension url="http://hl7.org/fhir/us/vrdr/StructureDefinition/NVSS-SexAtDeath">
          <valueCodeableConcept>
            <coding>
              <system value="http://hl7.org/fhir/administrative-gender"/>
              <code value="male"/>
              <display value="Male"/>
            </coding>
          </valueCodeableConcept>
        </extension>
        <extension url="http://hl7.org/fhir/StructureDefinition/patient-birthPlace">
          <valueAddress>
            <state value="VT">
              <extension url="http://hl7.org/fhir/us/vrdr/StructureDefinition/Location-Jurisdiction-Id">
                <valueString value="VT"/>
              </extension>
            </state>
            <country value="US"/>
          </valueAddress>
        </extension>
        <extension url="http://hl7.org/fhir/us/vrdr/StructureDefinition/SpouseAlive">
          <valueCodeableConcept>
            <coding>
              <system value="http://terminology.hl7.org/CodeSystem/v2-0136"/>
              <code value="Y"/>
              <display value="Yes"/>
            </coding>
          </valueCodeableConcept>
        </extension>
        <identifier>
          <type>
            <coding>
              <system value="http://terminology.hl7.org/CodeSystem/v2-0203"/>
              <code value="SB"/>
              <display value="Social Beneficiary Identifier"/>
            </coding>
          </type>
          <system value="http://hl7.org/fhir/sid/us-ssn"/>
          <value value="429471210"/>
        </identifier>
        <name>
          <use value="official"/>
          <given value="Suja"/>
        </name>
        <gender value="unknown"/>
        <birthDate>
          <extension url="http://hl7.org/fhir/us/vrdr/StructureDefinition/PartialDate">
            <extension url="http://hl7.org/fhir/us/vrdr/StructureDefinition/Date-Year">
              <valueUnsignedInt value="1979"/>
            </extension>
            <extension url="http://hl7.org/fhir/us/vrdr/StructureDefinition/Date-Month">
              <valueUnsignedInt value="6"/>
            </extension>
            <extension url="http://hl7.org/fhir/us/vrdr/StructureDefinition/Date-Day">
              <valueUnsignedInt value="23"/>
            </extension>
          </extension>
        </birthDate>
        <address>
          <extension url="http://hl7.org/fhir/us/vrdr/StructureDefinition/WithinCityLimitsIndicator">
            <valueCoding>
              <system value="http://terminology.hl7.org/CodeSystem/v3-NullFlavor"/>
              <code value="UNK"/>
              <display value="unknown"/>
            </valueCoding>
          </extension>
          <state value="VT"/>
          <country value="US"/>
        </address>
        <maritalStatus>
          <extension url="http://hl7.org/fhir/us/vrdr/StructureDefinition/BypassEditFlag">
            <valueCodeableConcept>
              <coding>
                <system value="http://hl7.org/fhir/us/vrdr/CodeSystem/vrdr-bypass-edit-flag-cs"/>
                <code value="0"/>
                <display value="Edit Passed"/>
              </coding>
            </valueCodeableConcept>
          </extension>
          <coding>
            <system value="http://terminology.hl7.org/CodeSystem/v3-MaritalStatus"/>
            <code value="D"/>
            <display value="Divorced"/>
          </coding>
        </maritalStatus>
      </Patient>
    </resource>
  </entry>
  <entry>
    <fullUrl value="urn:uuid:a7c26122-123b-4559-8edc-d122eb2ccf59"/>
    <resource>
      <Practitioner>
        <id value="a7c26122-123b-4559-8edc-d122eb2ccf59"/>
        <meta>
          <versionId value="1"/>
          <profile value="http://hl7.org/fhir/us/vrdr/StructureDefinition/vrdr-certifier"/>
        </meta>
        <text>
          <status value="generated"/><div xmlns="http://www.w3.org/1999/xhtml"><p><b>Generated Narrative: Practitioner</b><a name="a7c26122-123b-4559-8edc-d122eb2ccf59"> </a></p><div style="display: inline-block; background-color: #d9e0e7; padding: 6px; margin: 4px; border: 1px solid #8da1b4; border-radius: 5px; line-height: 60%"><p style="margin-bottom: 0px">Resource Practitioner &quot;a7c26122-123b-4559-8edc-d122eb2ccf59&quot; Version &quot;1&quot; </p><p style="margin-bottom: 0px">Profile: <a href="https://build.fhir.org/ig/HL7/vrdr//StructureDefinition-vrdr-certifier.html">Certifier</a></p></div></div>
        </text>
      </Practitioner>
    </resource>
  </entry>
  <entry>
    <fullUrl value="urn:uuid:ff711839-b145-4192-9a46-d6e507cef1b1"/>
    <resource>
      <Procedure>
        <id value="ff711839-b145-4192-9a46-d6e507cef1b1"/>
        <meta>
          <versionId value="1"/>
          <profile value="http://hl7.org/fhir/us/vrdr/StructureDefinition/vrdr-death-certification"/>
        </meta>
        <text>
          <status value="generated"/><div xmlns="http://www.w3.org/1999/xhtml"><p><b>Generated Narrative: Procedure</b><a name="ff711839-b145-4192-9a46-d6e507cef1b1"> </a></p><div style="display: inline-block; background-color: #d9e0e7; padding: 6px; margin: 4px; border: 1px solid #8da1b4; border-radius: 5px; line-height: 60%"><p style="margin-bottom: 0px">Resource Procedure &quot;ff711839-b145-4192-9a46-d6e507cef1b1&quot; Version &quot;1&quot; </p><p style="margin-bottom: 0px">Profile: <a href="https://build.fhir.org/ig/HL7/vrdr//StructureDefinition-vrdr-death-certification.html">Death Certification Procedure</a></p></div><p><b>status</b>: completed</p><p><b>category</b>: Diagnostic procedure <span style="background: LightGoldenRodYellow; margin: 4px; border: 1px solid khaki"> (<a href="https://browser.ihtsdotools.org/">SNOMED CT</a>#103693007)</span></p><p><b>code</b>: Death certification <span style="background: LightGoldenRodYellow; margin: 4px; border: 1px solid khaki"> (<a href="https://browser.ihtsdotools.org/">SNOMED CT</a>#308646001)</span></p><p><b>subject</b>: <a href="#Patient_1c869329-6b5c-410d-a1f8-d51d0a049e9e">See above (Patient/1c869329-6b5c-410d-a1f8-d51d0a049e9e)</a></p></div>
        </text>
        <status value="completed"/>
        <category>
          <coding>
            <system value="http://snomed.info/sct"/>
            <code value="103693007"/>
            <display value="Diagnostic procedure"/>
          </coding>
        </category>
        <code>
          <coding>
            <system value="http://snomed.info/sct"/>
            <code value="308646001"/>
            <display value="Death certification"/>
          </coding>
        </code>
        <subject>
          <reference value="Patient/1c869329-6b5c-410d-a1f8-d51d0a049e9e"/>
        </subject>
      </Procedure>
    </resource>
  </entry>
  <entry>
    <fullUrl value="urn:uuid:db527019-eeda-47d1-8ed2-bacbc6651ce1"/>
    <resource>
      <Observation>
        <id value="db527019-eeda-47d1-8ed2-bacbc6651ce1"/>
        <meta>
          <versionId value="1"/>
          <lastUpdated value="2023-12-28T15:14:45.2372342+00:00"/>
          <source value="EDRS-IJE:Bundle/d3ef4c72-baca-4cd5-b9c2-4de93ad72770"/>
          <profile value="http://hl7.org/fhir/us/vrdr/StructureDefinition/vrdr-death-date"/>
        </meta>
        <text>
          <status value="generated"/><div xmlns="http://www.w3.org/1999/xhtml"><p><b>Generated Narrative: Observation</b><a name="db527019-eeda-47d1-8ed2-bacbc6651ce1"> </a></p><div style="display: inline-block; background-color: #d9e0e7; padding: 6px; margin: 4px; border: 1px solid #8da1b4; border-radius: 5px; line-height: 60%"><p style="margin-bottom: 0px">Resource Observation &quot;db527019-eeda-47d1-8ed2-bacbc6651ce1&quot; Version &quot;1&quot; Updated &quot;2023-12-28 15:14:45+0000&quot; </p><p style="margin-bottom: 0px">Information Source: EDRS-IJE:Bundle/d3ef4c72-baca-4cd5-b9c2-4de93ad72770!</p><p style="margin-bottom: 0px">Profile: <a href="https://build.fhir.org/ig/HL7/vrdr//StructureDefinition-vrdr-death-date.html">Death Date</a></p></div><p><b>status</b>: final</p><p><b>code</b>: Date+time of death <span style="background: LightGoldenRodYellow; margin: 4px; border: 1px solid khaki"> (<a href="https://loinc.org/">LOINC</a>#81956-5)</span></p><p><b>subject</b>: <a href="#Patient_1c869329-6b5c-410d-a1f8-d51d0a049e9e">See above (Patient/1c869329-6b5c-410d-a1f8-d51d0a049e9e)</a></p><p><b>value</b>: ??</p><h3>Components</h3><table class="grid"><tr><td style="display: none">-</td><td><b>Code</b></td><td><b>Value[x]</b></td></tr><tr><td style="display: none">*</td><td>Location of death <span style="background: LightGoldenRodYellow; margin: 4px; border: 1px solid khaki"> (<a href="https://loinc.org/">LOINC</a>#58332-8)</span></td><td>Death in hospital-based emergency department or outpatient department <span style="background: LightGoldenRodYellow; margin: 4px; border: 1px solid khaki"> (<a href="https://browser.ihtsdotools.org/">SNOMED CT</a>#450391000124102)</span></td></tr></table></div>
        </text>
        <status value="final"/>
        <code>
          <coding>
            <system value="http://loinc.org"/>
            <code value="81956-5"/>
            <display value="Date+time of death"/>
          </coding>
        </code>
        <subject>
          <reference value="Patient/1c869329-6b5c-410d-a1f8-d51d0a049e9e"/>
        </subject>
        <valueDateTime>
          <extension url="http://hl7.org/fhir/us/vrdr/StructureDefinition/PartialDateTime">
            <extension url="http://hl7.org/fhir/us/vrdr/StructureDefinition/Date-Year">
              <valueUnsignedInt value="2023"/>
            </extension>
            <extension url="http://hl7.org/fhir/us/vrdr/StructureDefinition/Date-Month">
              <valueUnsignedInt value="7"/>
            </extension>
            <extension url="http://hl7.org/fhir/us/vrdr/StructureDefinition/Date-Day">
              <valueUnsignedInt value="20"/>
            </extension>
            <extension url="http://hl7.org/fhir/us/vrdr/StructureDefinition/Date-Time">
              <extension url="http://hl7.org/fhir/StructureDefinition/data-absent-reason">
                <valueCode value="temp-unknown"/>
              </extension>
            </extension>
          </extension>
        </valueDateTime>
        <component>
          <code>
            <coding>
              <system value="http://loinc.org"/>
              <code value="58332-8"/>
              <display value="Location of death"/>
            </coding>
          </code>
          <valueCodeableConcept>
            <coding>
              <system value="http://snomed.info/sct"/>
              <code value="450391000124102"/>
              <display value="Death in hospital-based emergency department or outpatient department"/>
            </coding>
          </valueCodeableConcept>
        </component>
      </Observation>
    </resource>
  </entry>
  <entry>
    <fullUrl value="urn:uuid:3e2da10c-50cc-453a-97d5-c1b16f28d122"/>
    <resource>
      <Location>
        <id value="3e2da10c-50cc-453a-97d5-c1b16f28d122"/>
        <meta>
          <versionId value="1"/>
          <lastUpdated value="2023-12-28T15:14:45.2372419+00:00"/>
          <source value="EDRS-IJE:Bundle/d3ef4c72-baca-4cd5-b9c2-4de93ad72770"/>
          <profile value="http://hl7.org/fhir/us/vrdr/StructureDefinition/vrdr-death-location"/>
        </meta>
        <text>
          <status value="generated"/><div xmlns="http://www.w3.org/1999/xhtml"><p><b>Generated Narrative: Location</b><a name="3e2da10c-50cc-453a-97d5-c1b16f28d122"> </a></p><div style="display: inline-block; background-color: #d9e0e7; padding: 6px; margin: 4px; border: 1px solid #8da1b4; border-radius: 5px; line-height: 60%"><p style="margin-bottom: 0px">Resource Location &quot;3e2da10c-50cc-453a-97d5-c1b16f28d122&quot; Version &quot;1&quot; Updated &quot;2023-12-28 15:14:45+0000&quot; </p><p style="margin-bottom: 0px">Information Source: EDRS-IJE:Bundle/d3ef4c72-baca-4cd5-b9c2-4de93ad72770!</p><p style="margin-bottom: 0px">Profile: <a href="https://build.fhir.org/ig/HL7/vrdr//StructureDefinition-vrdr-death-location.html">Death Location</a></p></div><p><b>name</b>: BLANK</p><p><b>type</b>: death location <span style="background: LightGoldenRodYellow; margin: 4px; border: 1px solid khaki"> (<a href="https://build.fhir.org/ig/HL7/vrdr//CodeSystem-vrdr-location-type-cs.html">Location Type Code System</a>#death)</span></p><p><b>address</b>: VT US </p></div>
        </text>
        <name value="BLANK"/>
        <type>
          <coding>
            <system value="http://hl7.org/fhir/us/vrdr/CodeSystem/vrdr-location-type-cs"/>
            <code value="death"/>
            <display value="death location"/>
          </coding>
        </type>
        <address>
          <state value="VT">
            <extension url="http://hl7.org/fhir/us/vrdr/StructureDefinition/Location-Jurisdiction-Id">
              <valueString value="VT"/>
            </extension>
          </state>
          <country value="US"/>
        </address>
      </Location>
    </resource>
  </entry>
  <entry>
    <fullUrl value="urn:uuid:fed172dc-f5a0-41a8-afbf-98fa756fd307"/>
    <resource>
      <Observation>
        <id value="fed172dc-f5a0-41a8-afbf-98fa756fd307"/>
        <meta>
          <versionId value="1"/>
          <lastUpdated value="2023-12-28T15:14:45.2372449+00:00"/>
          <source value="EDRS-IJE:Bundle/d3ef4c72-baca-4cd5-b9c2-4de93ad72770"/>
          <profile value="http://hl7.org/fhir/us/vrdr/StructureDefinition/vrdr-decedent-age"/>
        </meta>
        <text>
          <status value="generated"/><div xmlns="http://www.w3.org/1999/xhtml"><p><b>Generated Narrative: Observation</b><a name="fed172dc-f5a0-41a8-afbf-98fa756fd307"> </a></p><div style="display: inline-block; background-color: #d9e0e7; padding: 6px; margin: 4px; border: 1px solid #8da1b4; border-radius: 5px; line-height: 60%"><p style="margin-bottom: 0px">Resource Observation &quot;fed172dc-f5a0-41a8-afbf-98fa756fd307&quot; Version &quot;1&quot; Updated &quot;2023-12-28 15:14:45+0000&quot; </p><p style="margin-bottom: 0px">Information Source: EDRS-IJE:Bundle/d3ef4c72-baca-4cd5-b9c2-4de93ad72770!</p><p style="margin-bottom: 0px">Profile: <a href="https://build.fhir.org/ig/HL7/vrdr//StructureDefinition-vrdr-decedent-age.html">Decedent Age</a></p></div><p><b>status</b>: final</p><p><b>code</b>: Age at death <span style="background: LightGoldenRodYellow; margin: 4px; border: 1px solid khaki"> (<a href="https://loinc.org/">LOINC</a>#39016-1)</span></p><p><b>subject</b>: <a href="#Patient_1c869329-6b5c-410d-a1f8-d51d0a049e9e">See above (Patient/1c869329-6b5c-410d-a1f8-d51d0a049e9e)</a></p><p><b>value</b>: 44 Years<span style="background: LightGoldenRodYellow"> (Details: UCUM code a = 'a')</span></p></div>
        </text>
        <status value="final"/>
        <code>
          <coding>
            <system value="http://loinc.org"/>
            <code value="39016-1"/>
            <display value="Age at death"/>
          </coding>
        </code>
        <subject>
          <reference value="Patient/1c869329-6b5c-410d-a1f8-d51d0a049e9e"/>
        </subject>
        <valueQuantity>
          <extension url="http://hl7.org/fhir/us/vrdr/StructureDefinition/BypassEditFlag">
            <valueCodeableConcept>
              <coding>
                <system value="http://hl7.org/fhir/us/vrdr/CodeSystem/vrdr-bypass-edit-flag-cs"/>
                <code value="0"/>
                <display value="Edit Passed"/>
              </coding>
            </valueCodeableConcept>
          </extension>
          <value value="44"/>
          <unit value="Years"/>
          <system value="http://unitsofmeasure.org"/>
          <code value="a"/>
        </valueQuantity>
      </Observation>
    </resource>
  </entry>
  <entry>
    <fullUrl value="urn:uuid:50b2f51d-930f-4410-b01f-8d860dd88f11"/>
    <resource>
      <Observation>
        <id value="50b2f51d-930f-4410-b01f-8d860dd88f11"/>
        <meta>
          <versionId value="1"/>
          <lastUpdated value="2023-12-28T15:14:45.2372485+00:00"/>
          <source value="EDRS-IJE:Bundle/d3ef4c72-baca-4cd5-b9c2-4de93ad72770"/>
          <profile value="http://hl7.org/fhir/us/vrdr/StructureDefinition/vrdr-decedent-education-level"/>
        </meta>
        <text>
          <status value="generated"/><div xmlns="http://www.w3.org/1999/xhtml"><p><b>Generated Narrative: Observation</b><a name="50b2f51d-930f-4410-b01f-8d860dd88f11"> </a></p><div style="display: inline-block; background-color: #d9e0e7; padding: 6px; margin: 4px; border: 1px solid #8da1b4; border-radius: 5px; line-height: 60%"><p style="margin-bottom: 0px">Resource Observation &quot;50b2f51d-930f-4410-b01f-8d860dd88f11&quot; Version &quot;1&quot; Updated &quot;2023-12-28 15:14:45+0000&quot; </p><p style="margin-bottom: 0px">Information Source: EDRS-IJE:Bundle/d3ef4c72-baca-4cd5-b9c2-4de93ad72770!</p><p style="margin-bottom: 0px">Profile: <a href="https://build.fhir.org/ig/HL7/vrdr//StructureDefinition-vrdr-decedent-education-level.html">Decedent Education Level</a></p></div><p><b>status</b>: final</p><p><b>code</b>: Highest level of education [US Standard Certificate of Death] <span style="background: LightGoldenRodYellow; margin: 4px; border: 1px solid khaki"> (<a href="https://loinc.org/">LOINC</a>#80913-7)</span></p><p><b>subject</b>: <a href="#Patient_1c869329-6b5c-410d-a1f8-d51d0a049e9e">See above (Patient/1c869329-6b5c-410d-a1f8-d51d0a049e9e)</a></p><p><b>value</b>: unknown <span style="background: LightGoldenRodYellow; margin: 4px; border: 1px solid khaki"> (<a href="http://terminology.hl7.org/3.1.0/CodeSystem-v3-NullFlavor.html">NullFlavor</a>#UNK)</span></p></div>
        </text>
        <status value="final"/>
        <code>
          <coding>
            <system value="http://loinc.org"/>
            <code value="80913-7"/>
            <display value="Highest level of education [US Standard Certificate of Death]"/>
          </coding>
        </code>
        <subject>
          <reference value="Patient/1c869329-6b5c-410d-a1f8-d51d0a049e9e"/>
        </subject>
        <valueCodeableConcept>
          <extension url="http://hl7.org/fhir/us/vrdr/StructureDefinition/BypassEditFlag">
            <valueCodeableConcept>
              <coding>
                <system value="http://hl7.org/fhir/us/vrdr/CodeSystem/vrdr-bypass-edit-flag-cs"/>
                <code value="0"/>
                <display value="Edit Passed"/>
              </coding>
            </valueCodeableConcept>
          </extension>
          <coding>
            <system value="http://terminology.hl7.org/CodeSystem/v3-NullFlavor"/>
            <code value="UNK"/>
            <display value="unknown"/>
          </coding>
        </valueCodeableConcept>
      </Observation>
    </resource>
  </entry>
  <entry>
    <fullUrl value="urn:uuid:a3b86fd4-b9f7-47a4-8f2a-7ca3f14a6425"/>
    <resource>
      <Observation>
        <id value="a3b86fd4-b9f7-47a4-8f2a-7ca3f14a6425"/>
        <meta>
          <versionId value="1"/>
          <profile value="http://hl7.org/fhir/us/vrdr/StructureDefinition/vrdr-decedent-usual-work"/>
        </meta>
        <text>
          <status value="generated"/><div xmlns="http://www.w3.org/1999/xhtml"><p><b>Generated Narrative: Observation</b><a name="a3b86fd4-b9f7-47a4-8f2a-7ca3f14a6425"> </a></p><div style="display: inline-block; background-color: #d9e0e7; padding: 6px; margin: 4px; border: 1px solid #8da1b4; border-radius: 5px; line-height: 60%"><p style="margin-bottom: 0px">Resource Observation &quot;a3b86fd4-b9f7-47a4-8f2a-7ca3f14a6425&quot; Version &quot;1&quot; </p><p style="margin-bottom: 0px">Profile: <a href="https://build.fhir.org/ig/HL7/vrdr//StructureDefinition-vrdr-decedent-usual-work.html">Decedent Usual Work</a></p></div><p><b>status</b>: final</p><p><b>category</b>: Social History <span style="background: LightGoldenRodYellow; margin: 4px; border: 1px solid khaki"> (<a href="http://terminology.hl7.org/3.1.0/CodeSystem-observation-category.html">Observation Category Codes</a>#social-history)</span></p><p><b>code</b>: History of Usual occupation <span style="background: LightGoldenRodYellow; margin: 4px; border: 1px solid khaki"> (<a href="https://loinc.org/">LOINC</a>#21843-8)</span></p><p><b>subject</b>: <a href="#Patient_1c869329-6b5c-410d-a1f8-d51d0a049e9e">See above (Patient/1c869329-6b5c-410d-a1f8-d51d0a049e9e)</a></p><p><b>value</b>: Software developer <span style="background: LightGoldenRodYellow; margin: 4px; border: 1px solid khaki"> (<a href="http://terminology.hl7.org/3.1.0/CodeSystem-v3-NullFlavor.html">NullFlavor</a>#UNK &quot;unknown&quot;)</span></p><h3>Components</h3><table class="grid"><tr><td style="display: none">-</td><td><b>Code</b></td><td><b>Value[x]</b></td></tr><tr><td style="display: none">*</td><td>History of Usual industry <span style="background: LightGoldenRodYellow; margin: 4px; border: 1px solid khaki"> (<a href="https://loinc.org/">LOINC</a>#21844-6)</span></td><td>Computer <span style="background: LightGoldenRodYellow; margin: 4px; border: 1px solid khaki"> (<a href="http://terminology.hl7.org/3.1.0/CodeSystem-v3-NullFlavor.html">NullFlavor</a>#UNK &quot;unknown&quot;)</span></td></tr></table></div>
        </text>
        <status value="final"/>
        <category>
          <coding>
            <system value="http://terminology.hl7.org/CodeSystem/observation-category"/>
            <code value="social-history"/>
          </coding>
        </category>
        <code>
          <coding>
            <system value="http://loinc.org"/>
            <code value="21843-8"/>
            <display value="History of Usual occupation"/>
          </coding>
        </code>
        <subject>
          <reference value="Patient/1c869329-6b5c-410d-a1f8-d51d0a049e9e"/>
        </subject>
        <valueCodeableConcept>
          <coding>
            <system value="http://terminology.hl7.org/CodeSystem/v3-NullFlavor"/>
            <code value="UNK"/>
            <display value="unknown"/>
          </coding>
          <text value="Software developer"/>
        </valueCodeableConcept>
        <component>
          <code>
            <coding>
              <system value="http://loinc.org"/>
              <code value="21844-6"/>
              <display value="History of Usual industry"/>
            </coding>
          </code>
          <valueCodeableConcept>
            <coding>
              <system value="http://terminology.hl7.org/CodeSystem/v3-NullFlavor"/>
              <code value="UNK"/>
              <display value="unknown"/>
            </coding>
            <text value="Computer"/>
          </valueCodeableConcept>
        </component>
      </Observation>
    </resource>
  </entry>
  <entry>
    <fullUrl value="urn:uuid:23002917-2563-4188-be79-53edb63df32b"/>
    <resource>
      <Observation>
        <id value="23002917-2563-4188-be79-53edb63df32b"/>
        <meta>
          <versionId value="1"/>
          <lastUpdated value="2023-12-28T15:14:45.2372661+00:00"/>
          <source value="EDRS-IJE:Bundle/d3ef4c72-baca-4cd5-b9c2-4de93ad72770"/>
          <profile value="http://hl7.org/fhir/us/vrdr/StructureDefinition/vrdr-decedent-disposition-method"/>
        </meta>
        <text>
          <status value="generated"/><div xmlns="http://www.w3.org/1999/xhtml"><p><b>Generated Narrative: Observation</b><a name="23002917-2563-4188-be79-53edb63df32b"> </a></p><div style="display: inline-block; background-color: #d9e0e7; padding: 6px; margin: 4px; border: 1px solid #8da1b4; border-radius: 5px; line-height: 60%"><p style="margin-bottom: 0px">Resource Observation &quot;23002917-2563-4188-be79-53edb63df32b&quot; Version &quot;1&quot; Updated &quot;2023-12-28 15:14:45+0000&quot; </p><p style="margin-bottom: 0px">Information Source: EDRS-IJE:Bundle/d3ef4c72-baca-4cd5-b9c2-4de93ad72770!</p><p style="margin-bottom: 0px">Profile: <a href="https://build.fhir.org/ig/HL7/vrdr//StructureDefinition-vrdr-decedent-disposition-method.html">Decedent Disposition Method</a></p></div><p><b>status</b>: final</p><p><b>code</b>: Body disposition method <span style="background: LightGoldenRodYellow; margin: 4px; border: 1px solid khaki"> (<a href="https://loinc.org/">LOINC</a>#80905-3)</span></p><p><b>subject</b>: <a href="#Patient_1c869329-6b5c-410d-a1f8-d51d0a049e9e">See above (Patient/1c869329-6b5c-410d-a1f8-d51d0a049e9e)</a></p><p><b>value</b>: Cremation <span style="background: LightGoldenRodYellow; margin: 4px; border: 1px solid khaki"> (<a href="https://browser.ihtsdotools.org/">SNOMED CT</a>#449961000124104)</span></p></div>
        </text>
        <status value="final"/>
        <code>
          <coding>
            <system value="http://loinc.org"/>
            <code value="80905-3"/>
            <display value="Body disposition method"/>
          </coding>
        </code>
        <subject>
          <reference value="Patient/1c869329-6b5c-410d-a1f8-d51d0a049e9e"/>
        </subject>
        <valueCodeableConcept>
          <coding>
            <system value="http://snomed.info/sct"/>
            <code value="449961000124104"/>
            <display value="Cremation"/>
          </coding>
        </valueCodeableConcept>
      </Observation>
    </resource>
  </entry>
  <entry>
    <fullUrl value="urn:uuid:c5533e65-d650-4554-a760-d1d3a2a64964"/>
    <resource>
      <Observation>
        <id value="c5533e65-d650-4554-a760-d1d3a2a64964"/>
        <meta>
          <versionId value="1"/>
          <profile value="http://hl7.org/fhir/us/vrdr/StructureDefinition/vrdr-decedent-pregnancy-status"/>
        </meta>
        <text>
          <status value="generated"/><div xmlns="http://www.w3.org/1999/xhtml"><p><b>Generated Narrative: Observation</b><a name="c5533e65-d650-4554-a760-d1d3a2a64964"> </a></p><div style="display: inline-block; background-color: #d9e0e7; padding: 6px; margin: 4px; border: 1px solid #8da1b4; border-radius: 5px; line-height: 60%"><p style="margin-bottom: 0px">Resource Observation &quot;c5533e65-d650-4554-a760-d1d3a2a64964&quot; Version &quot;1&quot; </p><p style="margin-bottom: 0px">Profile: <a href="https://build.fhir.org/ig/HL7/vrdr//StructureDefinition-vrdr-decedent-pregnancy-status.html">Decedent Pregnancy Status</a></p></div><p><b>status</b>: final</p><p><b>code</b>: Timing of recent pregnancy in relation to death <span style="background: LightGoldenRodYellow; margin: 4px; border: 1px solid khaki"> (<a href="https://loinc.org/">LOINC</a>#69442-2)</span></p><p><b>subject</b>: <a href="#Patient_1c869329-6b5c-410d-a1f8-d51d0a049e9e">See above (Patient/1c869329-6b5c-410d-a1f8-d51d0a049e9e)</a></p><p><b>value</b>:  <span style="background: LightGoldenRodYellow; margin: 4px; border: 1px solid khaki"> ()</span></p></div>
        </text>
        <status value="final"/>
        <code>
          <coding>
            <system value="http://loinc.org"/>
            <code value="69442-2"/>
            <display value="Timing of recent pregnancy in relation to death"/>
          </coding>
        </code>
        <subject>
          <reference value="Patient/1c869329-6b5c-410d-a1f8-d51d0a049e9e"/>
        </subject>
        <valueCodeableConcept>
          <extension url="http://hl7.org/fhir/us/vrdr/StructureDefinition/BypassEditFlag">
            <valueCodeableConcept>
              <coding>
                <system value="http://hl7.org/fhir/us/vrdr/CodeSystem/vrdr-bypass-edit-flag-cs"/>
                <code value="0"/>
                <display value="Edit Passed"/>
              </coding>
            </valueCodeableConcept>
          </extension>
        </valueCodeableConcept>
      </Observation>
    </resource>
  </entry>
  <entry>
    <fullUrl value="urn:uuid:91e9e4fc-8080-42aa-ac40-4aa4e0285624"/>
    <resource>
      <RelatedPerson>
        <id value="91e9e4fc-8080-42aa-ac40-4aa4e0285624"/>
        <meta>
          <versionId value="1"/>
          <lastUpdated value="2023-12-28T15:14:45.23728+00:00"/>
          <source value="EDRS-IJE:Bundle/d3ef4c72-baca-4cd5-b9c2-4de93ad72770"/>
          <profile value="http://hl7.org/fhir/us/vrdr/StructureDefinition/vrdr-decedent-father"/>
        </meta>
        <text>
          <status value="generated"/><div xmlns="http://www.w3.org/1999/xhtml"><p><b>Generated Narrative: RelatedPerson</b><a name="91e9e4fc-8080-42aa-ac40-4aa4e0285624"> </a></p><div style="display: inline-block; background-color: #d9e0e7; padding: 6px; margin: 4px; border: 1px solid #8da1b4; border-radius: 5px; line-height: 60%"><p style="margin-bottom: 0px">Resource RelatedPerson &quot;91e9e4fc-8080-42aa-ac40-4aa4e0285624&quot; Version &quot;1&quot; Updated &quot;2023-12-28 15:14:45+0000&quot; </p><p style="margin-bottom: 0px">Information Source: EDRS-IJE:Bundle/d3ef4c72-baca-4cd5-b9c2-4de93ad72770!</p><p style="margin-bottom: 0px">Profile: <a href="https://build.fhir.org/ig/HL7/vrdr//StructureDefinition-vrdr-decedent-father.html">Decedent Father</a></p></div><p><b>active</b>: true</p><p><b>patient</b>: <a href="#Patient_1c869329-6b5c-410d-a1f8-d51d0a049e9e">See above (Patient/1c869329-6b5c-410d-a1f8-d51d0a049e9e)</a></p><p><b>relationship</b>: Father <span style="background: LightGoldenRodYellow; margin: 4px; border: 1px solid khaki"> (<a href="http://terminology.hl7.org/3.1.0/CodeSystem-v3-RoleCode.html">RoleCode</a>#FTH &quot;father&quot;)</span></p><p><b>name</b>: Decedent Dad(OFFICIAL)</p></div>
        </text>
        <active value="true"/>
        <patient>
          <reference value="Patient/1c869329-6b5c-410d-a1f8-d51d0a049e9e"/>
        </patient>
        <relationship>
          <coding>
            <system value="http://terminology.hl7.org/CodeSystem/v3-RoleCode"/>
            <code value="FTH"/>
            <display value="father"/>
          </coding>
          <text value="Father"/>
        </relationship>
        <name>
          <use value="official"/>
          <text value="Decedent Dad"/>
          <family value="UNKNOWN"/>
        </name>
      </RelatedPerson>
    </resource>
  </entry>
  <entry>
    <fullUrl value="urn:uuid:1dc1cbf6-83c2-4656-bcde-0034b8796f72"/>
    <resource>
      <Observation>
        <id value="1dc1cbf6-83c2-4656-bcde-0034b8796f72"/>
        <meta>
          <versionId value="1"/>
          <lastUpdated value="2023-12-28T15:14:45.237292+00:00"/>
          <source value="EDRS-IJE:Bundle/d3ef4c72-baca-4cd5-b9c2-4de93ad72770"/>
          <profile value="http://hl7.org/fhir/us/vrdr/StructureDefinition/vrdr-autopsy-performed-indicator"/>
        </meta>
        <text>
          <status value="generated"/><div xmlns="http://www.w3.org/1999/xhtml"><p><b>Generated Narrative: Observation</b><a name="1dc1cbf6-83c2-4656-bcde-0034b8796f72"> </a></p><div style="display: inline-block; background-color: #d9e0e7; padding: 6px; margin: 4px; border: 1px solid #8da1b4; border-radius: 5px; line-height: 60%"><p style="margin-bottom: 0px">Resource Observation &quot;1dc1cbf6-83c2-4656-bcde-0034b8796f72&quot; Version &quot;1&quot; Updated &quot;2023-12-28 15:14:45+0000&quot; </p><p style="margin-bottom: 0px">Information Source: EDRS-IJE:Bundle/d3ef4c72-baca-4cd5-b9c2-4de93ad72770!</p><p style="margin-bottom: 0px">Profile: <a href="https://build.fhir.org/ig/HL7/vrdr//StructureDefinition-vrdr-autopsy-performed-indicator.html">Autopsy Performed Indicator</a></p></div><p><b>status</b>: final</p><p><b>code</b>: Autopsy was performed <span style="background: LightGoldenRodYellow; margin: 4px; border: 1px solid khaki"> (<a href="https://loinc.org/">LOINC</a>#85699-7)</span></p><p><b>subject</b>: <a href="#Patient_1c869329-6b5c-410d-a1f8-d51d0a049e9e">See above (Patient/1c869329-6b5c-410d-a1f8-d51d0a049e9e)</a></p><p><b>value</b>: No <span style="background: LightGoldenRodYellow; margin: 4px; border: 1px solid khaki"> (<a href="http://hl7.org/fhir/R4/v2/0136/index.html">v2 Y/N Indicator</a>#N)</span></p><h3>Components</h3><table class="grid"><tr><td style="display: none">-</td><td><b>Code</b></td><td><b>Value[x]</b></td></tr><tr><td style="display: none">*</td><td>Autopsy results available <span style="background: LightGoldenRodYellow; margin: 4px; border: 1px solid khaki"> (<a href="https://loinc.org/">LOINC</a>#69436-4)</span></td><td>not applicable <span style="background: LightGoldenRodYellow; margin: 4px; border: 1px solid khaki"> (<a href="http://terminology.hl7.org/3.1.0/CodeSystem-v3-NullFlavor.html">NullFlavor</a>#NA)</span></td></tr></table></div>
        </text>
        <status value="final"/>
        <code>
          <coding>
            <system value="http://loinc.org"/>
            <code value="85699-7"/>
            <display value="Autopsy was performed"/>
          </coding>
        </code>
        <subject>
          <reference value="Patient/1c869329-6b5c-410d-a1f8-d51d0a049e9e"/>
        </subject>
        <valueCodeableConcept>
          <coding>
            <system value="http://terminology.hl7.org/CodeSystem/v2-0136"/>
            <code value="N"/>
            <display value="No"/>
          </coding>
        </valueCodeableConcept>
        <component>
          <code>
            <coding>
              <system value="http://loinc.org"/>
              <code value="69436-4"/>
              <display value="Autopsy results available"/>
            </coding>
          </code>
          <valueCodeableConcept>
            <coding>
              <system value="http://terminology.hl7.org/CodeSystem/v3-NullFlavor"/>
              <code value="NA"/>
              <display value="not applicable"/>
            </coding>
          </valueCodeableConcept>
        </component>
      </Observation>
    </resource>
  </entry>
  <entry>
    <fullUrl value="urn:uuid:d6871f50-6e81-4244-b688-8d57858d9a6b"/>
    <resource>
      <Observation>
        <id value="d6871f50-6e81-4244-b688-8d57858d9a6b"/>
        <meta>
          <versionId value="1"/>
          <profile value="http://hl7.org/fhir/us/vrdr/StructureDefinition/vrdr-tobacco-use-contributed-to-death"/>
        </meta>
        <text>
          <status value="generated"/><div xmlns="http://www.w3.org/1999/xhtml"><p><b>Generated Narrative: Observation</b><a name="d6871f50-6e81-4244-b688-8d57858d9a6b"> </a></p><div style="display: inline-block; background-color: #d9e0e7; padding: 6px; margin: 4px; border: 1px solid #8da1b4; border-radius: 5px; line-height: 60%"><p style="margin-bottom: 0px">Resource Observation &quot;d6871f50-6e81-4244-b688-8d57858d9a6b&quot; Version &quot;1&quot; </p><p style="margin-bottom: 0px">Profile: <a href="https://build.fhir.org/ig/HL7/vrdr//StructureDefinition-vrdr-tobacco-use-contributed-to-death.html">Tobacco Use Contributed To Death</a></p></div><p><b>status</b>: final</p><p><b>code</b>: Did tobacco use contribute to death <span style="background: LightGoldenRodYellow; margin: 4px; border: 1px solid khaki"> (<a href="https://loinc.org/">LOINC</a>#69443-0)</span></p><p><b>subject</b>: <a href="#Patient_1c869329-6b5c-410d-a1f8-d51d0a049e9e">See above (Patient/1c869329-6b5c-410d-a1f8-d51d0a049e9e)</a></p><p><b>value</b>: No <span style="background: LightGoldenRodYellow; margin: 4px; border: 1px solid khaki"> (<a href="https://browser.ihtsdotools.org/">SNOMED CT</a>#373067005)</span></p></div>
        </text>
        <status value="final"/>
        <code>
          <coding>
            <system value="http://loinc.org"/>
            <code value="69443-0"/>
            <display value="Did tobacco use contribute to death"/>
          </coding>
        </code>
        <subject>
          <reference value="Patient/1c869329-6b5c-410d-a1f8-d51d0a049e9e"/>
        </subject>
        <valueCodeableConcept>
          <coding>
            <system value="http://snomed.info/sct"/>
            <code value="373067005"/>
            <display value="No"/>
          </coding>
        </valueCodeableConcept>
      </Observation>
    </resource>
  </entry>
  <entry>
    <fullUrl value="urn:uuid:78eb0c92-34e8-4be9-b84c-8860482a4702"/>
    <resource>
      <Observation>
        <id value="78eb0c92-34e8-4be9-b84c-8860482a4702"/>
        <meta>
          <versionId value="1"/>
          <lastUpdated value="2023-12-28T15:14:45.2373158+00:00"/>
          <source value="EDRS-IJE:Bundle/d3ef4c72-baca-4cd5-b9c2-4de93ad72770"/>
          <profile value="http://hl7.org/fhir/us/vrdr/StructureDefinition/vrdr-manner-of-death"/>
        </meta>
        <text>
          <status value="generated"/><div xmlns="http://www.w3.org/1999/xhtml"><p><b>Generated Narrative: Observation</b><a name="78eb0c92-34e8-4be9-b84c-8860482a4702"> </a></p><div style="display: inline-block; background-color: #d9e0e7; padding: 6px; margin: 4px; border: 1px solid #8da1b4; border-radius: 5px; line-height: 60%"><p style="margin-bottom: 0px">Resource Observation &quot;78eb0c92-34e8-4be9-b84c-8860482a4702&quot; Version &quot;1&quot; Updated &quot;2023-12-28 15:14:45+0000&quot; </p><p style="margin-bottom: 0px">Information Source: EDRS-IJE:Bundle/d3ef4c72-baca-4cd5-b9c2-4de93ad72770!</p><p style="margin-bottom: 0px">Profile: <a href="https://build.fhir.org/ig/HL7/vrdr//StructureDefinition-vrdr-manner-of-death.html">Manner of Death</a></p></div><p><b>status</b>: final</p><p><b>code</b>: Manner of death <span style="background: LightGoldenRodYellow; margin: 4px; border: 1px solid khaki"> (<a href="https://loinc.org/">LOINC</a>#69449-7)</span></p><p><b>subject</b>: <a href="#Patient_1c869329-6b5c-410d-a1f8-d51d0a049e9e">See above (Patient/1c869329-6b5c-410d-a1f8-d51d0a049e9e)</a></p><p><b>performer</b>: <a href="#Practitioner_a7c26122-123b-4559-8edc-d122eb2ccf59">See above (urn:uuid:a7c26122-123b-4559-8edc-d122eb2ccf59)</a></p><p><b>value</b>: Accidental death <span style="background: LightGoldenRodYellow; margin: 4px; border: 1px solid khaki"> (<a href="https://browser.ihtsdotools.org/">SNOMED CT</a>#7878000)</span></p></div>
        </text>
        <status value="final"/>
        <code>
          <coding>
            <system value="http://loinc.org"/>
            <code value="69449-7"/>
            <display value="Manner of death"/>
          </coding>
        </code>
        <subject>
          <reference value="Patient/1c869329-6b5c-410d-a1f8-d51d0a049e9e"/>
        </subject>
        <performer>
          <reference value="urn:uuid:a7c26122-123b-4559-8edc-d122eb2ccf59"/>
        </performer>
        <valueCodeableConcept>
          <coding>
            <system value="http://snomed.info/sct"/>
            <code value="7878000"/>
            <display value="Accidental death"/>
          </coding>
        </valueCodeableConcept>
      </Observation>
    </resource>
  </entry>
  <entry>
    <fullUrl value="urn:uuid:cb29b307-62a4-4733-9c94-64b97ac92f64"/>
    <resource>
      <Observation>
        <id value="cb29b307-62a4-4733-9c94-64b97ac92f64"/>
        <meta>
          <versionId value="1"/>
          <lastUpdated value="2023-12-28T15:14:45.2373277+00:00"/>
          <source value="EDRS-IJE:Bundle/d3ef4c72-baca-4cd5-b9c2-4de93ad72770"/>
          <profile value="http://hl7.org/fhir/us/vrdr/StructureDefinition/vrdr-input-race-and-ethnicity"/>
        </meta>
        <text>
          <status value="generated"/><div xmlns="http://www.w3.org/1999/xhtml"><p><b>Generated Narrative: Observation</b><a name="cb29b307-62a4-4733-9c94-64b97ac92f64"> </a></p><div style="display: inline-block; background-color: #d9e0e7; padding: 6px; margin: 4px; border: 1px solid #8da1b4; border-radius: 5px; line-height: 60%"><p style="margin-bottom: 0px">Resource Observation &quot;cb29b307-62a4-4733-9c94-64b97ac92f64&quot; Version &quot;1&quot; Updated &quot;2023-12-28 15:14:45+0000&quot; </p><p style="margin-bottom: 0px">Information Source: EDRS-IJE:Bundle/d3ef4c72-baca-4cd5-b9c2-4de93ad72770!</p><p style="margin-bottom: 0px">Profile: <a href="https://build.fhir.org/ig/HL7/vrdr//StructureDefinition-vrdr-input-race-and-ethnicity.html">Input Race and Ethnicity</a></p></div><p><b>status</b>: final</p><p><b>code</b>: Input Race and Ethnicity <span style="background: LightGoldenRodYellow; margin: 4px; border: 1px solid khaki"> (<a href="https://build.fhir.org/ig/HL7/vrdr//CodeSystem-vrdr-observations-cs.html">Local Observation Codes</a>#inputraceandethnicity)</span></p><p><b>subject</b>: <a href="#Patient_1c869329-6b5c-410d-a1f8-d51d0a049e9e">See above (Patient/1c869329-6b5c-410d-a1f8-d51d0a049e9e)</a></p><blockquote><p><b>component</b></p><p><b>code</b>: White <span style="background: LightGoldenRodYellow; margin: 4px; border: 1px solid khaki"> (<a href="https://build.fhir.org/ig/HL7/vrdr//CodeSystem-vrdr-component-cs.html">Local Component Codes</a>#White)</span></p><p><b>value</b>: false</p></blockquote><blockquote><p><b>component</b></p><p><b>code</b>: Black Or African American <span style="background: LightGoldenRodYellow; margin: 4px; border: 1px solid khaki"> (<a href="https://build.fhir.org/ig/HL7/vrdr//CodeSystem-vrdr-component-cs.html">Local Component Codes</a>#BlackOrAfricanAmerican)</span></p><p><b>value</b>: false</p></blockquote><blockquote><p><b>component</b></p><p><b>code</b>: American Indian Or Alaskan Native <span style="background: LightGoldenRodYellow; margin: 4px; border: 1px solid khaki"> (<a href="https://build.fhir.org/ig/HL7/vrdr//CodeSystem-vrdr-component-cs.html">Local Component Codes</a>#AmericanIndianOrAlaskanNative)</span></p><p><b>value</b>: true</p></blockquote><blockquote><p><b>component</b></p><p><b>code</b>: Asian Indian <span style="background: LightGoldenRodYellow; margin: 4px; border: 1px solid khaki"> (<a href="https://build.fhir.org/ig/HL7/vrdr//CodeSystem-vrdr-component-cs.html">Local Component Codes</a>#AsianIndian)</span></p><p><b>value</b>: false</p></blockquote><blockquote><p><b>component</b></p><p><b>code</b>: Chinese <span style="background: LightGoldenRodYellow; margin: 4px; border: 1px solid khaki"> (<a href="https://build.fhir.org/ig/HL7/vrdr//CodeSystem-vrdr-component-cs.html">Local Component Codes</a>#Chinese)</span></p><p><b>value</b>: false</p></blockquote><blockquote><p><b>component</b></p><p><b>code</b>: Filipino <span style="background: LightGoldenRodYellow; margin: 4px; border: 1px solid khaki"> (<a href="https://build.fhir.org/ig/HL7/vrdr//CodeSystem-vrdr-component-cs.html">Local Component Codes</a>#Filipino)</span></p><p><b>value</b>: false</p></blockquote><blockquote><p><b>component</b></p><p><b>code</b>: Japanese <span style="background: LightGoldenRodYellow; margin: 4px; border: 1px solid khaki"> (<a href="https://build.fhir.org/ig/HL7/vrdr//CodeSystem-vrdr-component-cs.html">Local Component Codes</a>#Japanese)</span></p><p><b>value</b>: false</p></blockquote><blockquote><p><b>component</b></p><p><b>code</b>: Korean <span style="background: LightGoldenRodYellow; margin: 4px; border: 1px solid khaki"> (<a href="https://build.fhir.org/ig/HL7/vrdr//CodeSystem-vrdr-component-cs.html">Local Component Codes</a>#Korean)</span></p><p><b>value</b>: false</p></blockquote><blockquote><p><b>component</b></p><p><b>code</b>: Vietnamese <span style="background: LightGoldenRodYellow; margin: 4px; border: 1px solid khaki"> (<a href="https://build.fhir.org/ig/HL7/vrdr//CodeSystem-vrdr-component-cs.html">Local Component Codes</a>#Vietnamese)</span></p><p><b>value</b>: false</p></blockquote><blockquote><p><b>component</b></p><p><b>code</b>: Other Asian <span style="background: LightGoldenRodYellow; margin: 4px; border: 1px solid khaki"> (<a href="https://build.fhir.org/ig/HL7/vrdr//CodeSystem-vrdr-component-cs.html">Local Component Codes</a>#OtherAsian)</span></p><p><b>value</b>: false</p></blockquote><blockquote><p><b>component</b></p><p><b>code</b>: Native Hawaiian <span style="background: LightGoldenRodYellow; margin: 4px; border: 1px solid khaki"> (<a href="https://build.fhir.org/ig/HL7/vrdr//CodeSystem-vrdr-component-cs.html">Local Component Codes</a>#NativeHawaiian)</span></p><p><b>value</b>: false</p></blockquote><blockquote><p><b>component</b></p><p><b>code</b>: Guamanian Or Chamorro <span style="background: LightGoldenRodYellow; margin: 4px; border: 1px solid khaki"> (<a href="https://build.fhir.org/ig/HL7/vrdr//CodeSystem-vrdr-component-cs.html">Local Component Codes</a>#GuamanianOrChamorro)</span></p><p><b>value</b>: false</p></blockquote><blockquote><p><b>component</b></p><p><b>code</b>: Samoan <span style="background: LightGoldenRodYellow; margin: 4px; border: 1px solid khaki"> (<a href="https://build.fhir.org/ig/HL7/vrdr//CodeSystem-vrdr-component-cs.html">Local Component Codes</a>#Samoan)</span></p><p><b>value</b>: false</p></blockquote><blockquote><p><b>component</b></p><p><b>code</b>: Other Pacific Islander <span style="background: LightGoldenRodYellow; margin: 4px; border: 1px solid khaki"> (<a href="https://build.fhir.org/ig/HL7/vrdr//CodeSystem-vrdr-component-cs.html">Local Component Codes</a>#OtherPacificIslander)</span></p><p><b>value</b>: false</p></blockquote><blockquote><p><b>component</b></p><p><b>code</b>: Other Race <span style="background: LightGoldenRodYellow; margin: 4px; border: 1px solid khaki"> (<a href="https://build.fhir.org/ig/HL7/vrdr//CodeSystem-vrdr-component-cs.html">Local Component Codes</a>#OtherRace)</span></p><p><b>value</b>: false</p></blockquote><blockquote><p><b>component</b></p><p><b>code</b>: FirstAmericanIndianOrAlaskanNativeLiteral <span style="background: LightGoldenRodYellow; margin: 4px; border: 1px solid khaki"> (<a href="https://build.fhir.org/ig/HL7/vrdr//CodeSystem-vrdr-component-cs.html">Local Component Codes</a>#FirstAmericanIndianOrAlaskanNativeLiteral)</span></p><p><b>value</b>: Choctaw</p></blockquote><blockquote><p><b>component</b></p><p><b>code</b>: Hispanic Puerto Rican <span style="background: LightGoldenRodYellow; margin: 4px; border: 1px solid khaki"> (<a href="https://build.fhir.org/ig/HL7/vrdr//CodeSystem-vrdr-component-cs.html">Local Component Codes</a>#HispanicPuertoRican)</span></p><p><b>value</b>: No <span style="background: LightGoldenRodYellow; margin: 4px; border: 1px solid khaki"> (<a href="http://hl7.org/fhir/R4/v2/0136/index.html">v2 Y/N Indicator</a>#N)</span></p></blockquote><blockquote><p><b>component</b></p><p><b>code</b>: Hispanic Cuban <span style="background: LightGoldenRodYellow; margin: 4px; border: 1px solid khaki"> (<a href="https://build.fhir.org/ig/HL7/vrdr//CodeSystem-vrdr-component-cs.html">Local Component Codes</a>#HispanicCuban)</span></p><p><b>value</b>: No <span style="background: LightGoldenRodYellow; margin: 4px; border: 1px solid khaki"> (<a href="http://hl7.org/fhir/R4/v2/0136/index.html">v2 Y/N Indicator</a>#N)</span></p></blockquote><blockquote><p><b>component</b></p><p><b>code</b>: Hispanic Other <span style="background: LightGoldenRodYellow; margin: 4px; border: 1px solid khaki"> (<a href="https://build.fhir.org/ig/HL7/vrdr//CodeSystem-vrdr-component-cs.html">Local Component Codes</a>#HispanicOther)</span></p><p><b>value</b>: No <span style="background: LightGoldenRodYellow; margin: 4px; border: 1px solid khaki"> (<a href="http://hl7.org/fhir/R4/v2/0136/index.html">v2 Y/N Indicator</a>#N)</span></p></blockquote><blockquote><p><b>component</b></p><p><b>code</b>: Hispanic Mexican <span style="background: LightGoldenRodYellow; margin: 4px; border: 1px solid khaki"> (<a href="https://build.fhir.org/ig/HL7/vrdr//CodeSystem-vrdr-component-cs.html">Local Component Codes</a>#HispanicMexican)</span></p><p><b>value</b>: Yes <span style="background: LightGoldenRodYellow; margin: 4px; border: 1px solid khaki"> (<a href="http://hl7.org/fhir/R4/v2/0136/index.html">v2 Y/N Indicator</a>#Y)</span></p></blockquote></div>
        </text>
        <status value="final"/>
        <code>
          <coding>
            <system value="http://hl7.org/fhir/us/vrdr/CodeSystem/vrdr-observations-cs"/>
            <code value="inputraceandethnicity"/>
            <display value="Input Race and Ethnicity"/>
          </coding>
        </code>
        <subject>
          <reference value="Patient/1c869329-6b5c-410d-a1f8-d51d0a049e9e"/>
        </subject>
        <component>
          <code>
            <coding>
              <system value="http://hl7.org/fhir/us/vrdr/CodeSystem/vrdr-component-cs"/>
              <code value="White"/>
              <display value="White"/>
            </coding>
          </code>
          <valueBoolean value="false"/>
        </component>
        <component>
          <code>
            <coding>
              <system value="http://hl7.org/fhir/us/vrdr/CodeSystem/vrdr-component-cs"/>
              <code value="BlackOrAfricanAmerican"/>
              <display value="Black Or African American"/>
            </coding>
          </code>
          <valueBoolean value="false"/>
        </component>
        <component>
          <code>
            <coding>
              <system value="http://hl7.org/fhir/us/vrdr/CodeSystem/vrdr-component-cs"/>
              <code value="AmericanIndianOrAlaskanNative"/>
              <display value="American Indian Or Alaskan Native"/>
            </coding>
          </code>
          <valueBoolean value="true"/>
        </component>
        <component>
          <code>
            <coding>
              <system value="http://hl7.org/fhir/us/vrdr/CodeSystem/vrdr-component-cs"/>
              <code value="AsianIndian"/>
              <display value="Asian Indian"/>
            </coding>
          </code>
          <valueBoolean value="false"/>
        </component>
        <component>
          <code>
            <coding>
              <system value="http://hl7.org/fhir/us/vrdr/CodeSystem/vrdr-component-cs"/>
              <code value="Chinese"/>
              <display value="Chinese"/>
            </coding>
          </code>
          <valueBoolean value="false"/>
        </component>
        <component>
          <code>
            <coding>
              <system value="http://hl7.org/fhir/us/vrdr/CodeSystem/vrdr-component-cs"/>
              <code value="Filipino"/>
              <display value="Filipino"/>
            </coding>
          </code>
          <valueBoolean value="false"/>
        </component>
        <component>
          <code>
            <coding>
              <system value="http://hl7.org/fhir/us/vrdr/CodeSystem/vrdr-component-cs"/>
              <code value="Japanese"/>
              <display value="Japanese"/>
            </coding>
          </code>
          <valueBoolean value="false"/>
        </component>
        <component>
          <code>
            <coding>
              <system value="http://hl7.org/fhir/us/vrdr/CodeSystem/vrdr-component-cs"/>
              <code value="Korean"/>
              <display value="Korean"/>
            </coding>
          </code>
          <valueBoolean value="false"/>
        </component>
        <component>
          <code>
            <coding>
              <system value="http://hl7.org/fhir/us/vrdr/CodeSystem/vrdr-component-cs"/>
              <code value="Vietnamese"/>
              <display value="Vietnamese"/>
            </coding>
          </code>
          <valueBoolean value="false"/>
        </component>
        <component>
          <code>
            <coding>
              <system value="http://hl7.org/fhir/us/vrdr/CodeSystem/vrdr-component-cs"/>
              <code value="OtherAsian"/>
              <display value="Other Asian"/>
            </coding>
          </code>
          <valueBoolean value="false"/>
        </component>
        <component>
          <code>
            <coding>
              <system value="http://hl7.org/fhir/us/vrdr/CodeSystem/vrdr-component-cs"/>
              <code value="NativeHawaiian"/>
              <display value="Native Hawaiian"/>
            </coding>
          </code>
          <valueBoolean value="false"/>
        </component>
        <component>
          <code>
            <coding>
              <system value="http://hl7.org/fhir/us/vrdr/CodeSystem/vrdr-component-cs"/>
              <code value="GuamanianOrChamorro"/>
              <display value="Guamanian Or Chamorro"/>
            </coding>
          </code>
          <valueBoolean value="false"/>
        </component>
        <component>
          <code>
            <coding>
              <system value="http://hl7.org/fhir/us/vrdr/CodeSystem/vrdr-component-cs"/>
              <code value="Samoan"/>
              <display value="Samoan"/>
            </coding>
          </code>
          <valueBoolean value="false"/>
        </component>
        <component>
          <code>
            <coding>
              <system value="http://hl7.org/fhir/us/vrdr/CodeSystem/vrdr-component-cs"/>
              <code value="OtherPacificIslander"/>
              <display value="Other Pacific Islander"/>
            </coding>
          </code>
          <valueBoolean value="false"/>
        </component>
        <component>
          <code>
            <coding>
              <system value="http://hl7.org/fhir/us/vrdr/CodeSystem/vrdr-component-cs"/>
              <code value="OtherRace"/>
              <display value="Other Race"/>
            </coding>
          </code>
          <valueBoolean value="false"/>
        </component>
        <component>
          <code>
            <coding>
              <system value="http://hl7.org/fhir/us/vrdr/CodeSystem/vrdr-component-cs"/>
              <code value="FirstAmericanIndianOrAlaskanNativeLiteral"/>
              <display value="FirstAmericanIndianOrAlaskanNativeLiteral"/>
            </coding>
          </code>
          <valueString value="Choctaw"/>
        </component>
        <component>
          <code>
            <coding>
              <system value="http://hl7.org/fhir/us/vrdr/CodeSystem/vrdr-component-cs"/>
              <code value="HispanicPuertoRican"/>
              <display value="Hispanic Puerto Rican"/>
            </coding>
          </code>
          <valueCodeableConcept>
            <coding>
              <system value="http://terminology.hl7.org/CodeSystem/v2-0136"/>
              <code value="N"/>
              <display value="No"/>
            </coding>
          </valueCodeableConcept>
        </component>
        <component>
          <code>
            <coding>
              <system value="http://hl7.org/fhir/us/vrdr/CodeSystem/vrdr-component-cs"/>
              <code value="HispanicCuban"/>
              <display value="Hispanic Cuban"/>
            </coding>
          </code>
          <valueCodeableConcept>
            <coding>
              <system value="http://terminology.hl7.org/CodeSystem/v2-0136"/>
              <code value="N"/>
              <display value="No"/>
            </coding>
          </valueCodeableConcept>
        </component>
        <component>
          <code>
            <coding>
              <system value="http://hl7.org/fhir/us/vrdr/CodeSystem/vrdr-component-cs"/>
              <code value="HispanicOther"/>
              <display value="Hispanic Other"/>
            </coding>
          </code>
          <valueCodeableConcept>
            <coding>
              <system value="http://terminology.hl7.org/CodeSystem/v2-0136"/>
              <code value="N"/>
              <display value="No"/>
            </coding>
          </valueCodeableConcept>
        </component>
        <component>
          <code>
            <coding>
              <system value="http://hl7.org/fhir/us/vrdr/CodeSystem/vrdr-component-cs"/>
              <code value="HispanicMexican"/>
              <display value="Hispanic Mexican"/>
            </coding>
          </code>
          <valueCodeableConcept>
            <coding>
              <system value="http://terminology.hl7.org/CodeSystem/v2-0136"/>
              <code value="Y"/>
              <display value="Yes"/>
            </coding>
          </valueCodeableConcept>
        </component>
      </Observation>
    </resource>
  </entry>
</Bundle>