{
  "resourceType" : "Bundle",
  "id" : "d3ef4c72-baca-4cd5-b9c2-4de93ad72770",
  "meta" : {
    "versionId" : "1",
    "lastUpdated" : "2023-12-28T15:14:45.2373408+00:00",
    "source" : "EDRS-IJE:Bundle/d3ef4c72-baca-4cd5-b9c2-4de93ad72770",
    "profile" : ["http://hl7.org/fhir/us/vrdr/StructureDefinition/vrdr-death-certificate-document"]
  },
  "identifier" : {
    "extension" : [{
      "url" : "http://hl7.org/fhir/us/vrdr/StructureDefinition/CertificateNumber",
      "valueString" : "240014"
    }],
    "system" : "http://nchs.cdc.gov/vrdr_id",
    "value" : "2023VT240014"
  },
  "type" : "document",
  "timestamp" : "2023-12-28T10:14:45.1989236-05:00",
  "entry" : [{
    "fullUrl" : "urn:uuid:07def0e9-6c1b-4f20-9511-b4c72ce9c69b",
    "resource" : {
      "resourceType" : "Composition",
      "id" : "07def0e9-6c1b-4f20-9511-b4c72ce9c69b",
      "meta" : {
        "versionId" : "1",
        "lastUpdated" : "2023-12-28T15:14:45.2344519+00:00",
        "source" : "EDRS-IJE:Bundle/d3ef4c72-baca-4cd5-b9c2-4de93ad72770",
        "profile" : ["http://hl7.org/fhir/us/vrdr/StructureDefinition/vrdr-death-certificate"]
      },
      "text" : {
        "status" : "generated",
        "div" : "<div xmlns=\"http://www.w3.org/1999/xhtml\"><p><b>Generated Narrative: Composition</b><a name=\"07def0e9-6c1b-4f20-9511-b4c72ce9c69b\"> </a></p><div style=\"display: inline-block; background-color: #d9e0e7; padding: 6px; margin: 4px; border: 1px solid #8da1b4; border-radius: 5px; line-height: 60%\"><p style=\"margin-bottom: 0px\">Resource Composition &quot;07def0e9-6c1b-4f20-9511-b4c72ce9c69b&quot; Version &quot;1&quot; Updated &quot;2023-12-28 15:14:45+0000&quot; </p><p style=\"margin-bottom: 0px\">Information Source: EDRS-IJE:Bundle/d3ef4c72-baca-4cd5-b9c2-4de93ad72770!</p><p style=\"margin-bottom: 0px\">Profile: <a href=\"https://build.fhir.org/ig/HL7/vrdr//StructureDefinition-vrdr-death-certificate.html\">Death Certificate</a></p></div><p><b>status</b>: final</p><p><b>type</b>: Death certificate <span style=\"background: LightGoldenRodYellow; margin: 4px; border: 1px solid khaki\"> (<a href=\"https://loinc.org/\">LOINC</a>#64297-5)</span></p><p><b>date</b>: 2023-12-28 15:14:45+0000</p><p><b>author</b>: <a href=\"#Practitioner_a7c26122-123b-4559-8edc-d122eb2ccf59\">See above (urn:uuid:a7c26122-123b-4559-8edc-d122eb2ccf59)</a></p><p><b>title</b>: Death Certificate</p><h3>Attesters</h3><table class=\"grid\"><tr><td style=\"display: none\">-</td><td><b>Mode</b></td><td><b>Party</b></td></tr><tr><td style=\"display: none\">*</td><td>legal</td><td><a href=\"#Practitioner_a7c26122-123b-4559-8edc-d122eb2ccf59\">See above (urn:uuid:a7c26122-123b-4559-8edc-d122eb2ccf59)</a></td></tr></table><h3>Events</h3><table class=\"grid\"><tr><td style=\"display: none\">-</td><td><b>Code</b></td><td><b>Detail</b></td></tr><tr><td style=\"display: none\">*</td><td>Diagnostic procedure (procedure) <span style=\"background: LightGoldenRodYellow; margin: 4px; border: 1px solid khaki\"> (<a href=\"https://browser.ihtsdotools.org/\">SNOMED CT</a>#103693007)</span></td><td><a href=\"#Procedure_ff711839-b145-4192-9a46-d6e507cef1b1\">See above (urn:uuid:ff711839-b145-4192-9a46-d6e507cef1b1)</a></td></tr></table></div>"
      },
      "status" : "final",
      "type" : {
        "coding" : [{
          "system" : "http://loinc.org",
          "code" : "64297-5",
          "display" : "Death certificate"
        }]
      },
      "subject" : {
        "reference" : "Patient/1c869329-6b5c-410d-a1f8-d51d0a049e9e"
      },
      "date" : "2023-12-28T15:14:45+00:00",
      "author" : [{
        "reference" : "urn:uuid:a7c26122-123b-4559-8edc-d122eb2ccf59"
      }],
      "title" : "Death Certificate",
      "attester" : [{
        "mode" : "legal",
        "party" : {
          "reference" : "urn:uuid:a7c26122-123b-4559-8edc-d122eb2ccf59"
        }
      }],
      "event" : [{
        "code" : [{
          "coding" : [{
            "system" : "http://snomed.info/sct",
            "code" : "103693007",
            "display" : "Diagnostic procedure (procedure)"
          }]
        }],
        "detail" : [{
          "reference" : "urn:uuid:ff711839-b145-4192-9a46-d6e507cef1b1"
        }]
      }],
      "section" : [{
        "code" : {
          "coding" : [{
            "system" : "http://hl7.org/fhir/us/vrdr/CodeSystem/vrdr-document-section-cs",
            "code" : "DecedentDemographics"
          }]
        },
        "entry" : [{
          "reference" : "urn:uuid:1c869329-6b5c-410d-a1f8-d51d0a049e9e"
        },
        {
          "reference" : "urn:uuid:fed172dc-f5a0-41a8-afbf-98fa756fd307"
        },
        {
          "reference" : "urn:uuid:50b2f51d-930f-4410-b01f-8d860dd88f11"
        },
        {
          "reference" : "urn:uuid:a3b86fd4-b9f7-47a4-8f2a-7ca3f14a6425"
        },
        {
          "reference" : "urn:uuid:91e9e4fc-8080-42aa-ac40-4aa4e0285624"
        },
        {
          "reference" : "urn:uuid:cb29b307-62a4-4733-9c94-64b97ac92f64"
        }]
      },
      {
        "code" : {
          "coding" : [{
            "system" : "http://hl7.org/fhir/us/vrdr/CodeSystem/vrdr-document-section-cs",
            "code" : "DeathCertification"
          }]
        },
        "entry" : [{
          "reference" : "urn:uuid:a7c26122-123b-4559-8edc-d122eb2ccf59"
        },
        {
          "reference" : "urn:uuid:ff711839-b145-4192-9a46-d6e507cef1b1"
        },
        {
          "reference" : "urn:uuid:78eb0c92-34e8-4be9-b84c-8860482a4702"
        }]
      },
      {
        "code" : {
          "coding" : [{
            "system" : "http://hl7.org/fhir/us/vrdr/CodeSystem/vrdr-document-section-cs",
            "code" : "DeathInvestigation"
          }]
        },
        "entry" : [{
          "reference" : "urn:uuid:db527019-eeda-47d1-8ed2-bacbc6651ce1"
        },
        {
          "reference" : "urn:uuid:3e2da10c-50cc-453a-97d5-c1b16f28d122"
        },
        {
          "reference" : "urn:uuid:c5533e65-d650-4554-a760-d1d3a2a64964"
        },
        {
          "reference" : "urn:uuid:1dc1cbf6-83c2-4656-bcde-0034b8796f72"
        },
        {
          "reference" : "urn:uuid:d6871f50-6e81-4244-b688-8d57858d9a6b"
        }]
      },
      {
        "code" : {
          "coding" : [{
            "system" : "http://hl7.org/fhir/us/vrdr/CodeSystem/vrdr-document-section-cs",
            "code" : "DecedentDisposition"
          }]
        },
        "entry" : [{
          "reference" : "urn:uuid:23002917-2563-4188-be79-53edb63df32b"
        }]
      }]
    }
  },
  {
    "fullUrl" : "urn:uuid:1c869329-6b5c-410d-a1f8-d51d0a049e9e",
    "resource" : {
      "resourceType" : "Patient",
      "id" : "1c869329-6b5c-410d-a1f8-d51d0a049e9e",
      "meta" : {
        "versionId" : "1",
        "lastUpdated" : "2023-12-28T15:14:45.2344661+00:00",
        "source" : "EDRS-IJE:Bundle/d3ef4c72-baca-4cd5-b9c2-4de93ad72770",
        "profile" : ["http://hl7.org/fhir/us/vrdr/StructureDefinition/vrdr-decedent"]
      },
      "text" : {
        "status" : "extensions",
        "div" : "<div xmlns=\"http://www.w3.org/1999/xhtml\"><p><b>Generated Narrative: Patient</b><a name=\"1c869329-6b5c-410d-a1f8-d51d0a049e9e\"> </a></p><div style=\"display: inline-block; background-color: #d9e0e7; padding: 6px; margin: 4px; border: 1px solid #8da1b4; border-radius: 5px; line-height: 60%\"><p style=\"margin-bottom: 0px\">Resource Patient &quot;1c869329-6b5c-410d-a1f8-d51d0a049e9e&quot; Version &quot;1&quot; Updated &quot;2023-12-28 15:14:45+0000&quot; </p><p style=\"margin-bottom: 0px\">Information Source: EDRS-IJE:Bundle/d3ef4c72-baca-4cd5-b9c2-4de93ad72770!</p><p style=\"margin-bottom: 0px\">Profile: <a href=\"https://build.fhir.org/ig/HL7/vrdr//StructureDefinition-vrdr-decedent.html\">Decedent</a></p></div><p><b>NVSS SexAtDeath</b>: Male <span style=\"background: LightGoldenRodYellow; margin: 4px; border: 1px solid khaki\"> (<a href=\"http://hl7.org/fhir/R4/codesystem-administrative-gender.html\">AdministrativeGender</a>#male)</span></p><p><b>Birth Place</b>: VT US </p><p><b>Spouse Is Alive</b>: Yes <span style=\"background: LightGoldenRodYellow; margin: 4px; border: 1px solid khaki\"> (<a href=\"http://hl7.org/fhir/R4/v2/0136/index.html\">v2 Y/N Indicator</a>#Y)</span></p><p><b>identifier</b>: Social Beneficiary Identifier:\u00a0<a href=\"http://terminology.hl7.org/3.1.0/NamingSystem-ssn.html\">#</a>429471210</p><p><b>name</b>: Suja (OFFICIAL)</p><p><b>gender</b>: unknown</p><p><b>birthDate</b>: ??</p><p><b>address</b>: VT US </p><p><b>maritalStatus</b>: Divorced <span style=\"background: LightGoldenRodYellow; margin: 4px; border: 1px solid khaki\"> (<a href=\"http://terminology.hl7.org/3.1.0/CodeSystem-v3-MaritalStatus.html\">MaritalStatus</a>#D)</span></p></div>"
      },
      "extension" : [{
        "url" : "http://hl7.org/fhir/us/vrdr/StructureDefinition/NVSS-SexAtDeath",
        "valueCodeableConcept" : {
          "coding" : [{
            "system" : "http://hl7.org/fhir/administrative-gender",
            "code" : "male",
            "display" : "Male"
          }]
        }
      },
      {
        "url" : "http://hl7.org/fhir/StructureDefinition/patient-birthPlace",
        "valueAddress" : {
          "state" : "VT",
          "_state" : {
            "extension" : [{
              "url" : "http://hl7.org/fhir/us/vrdr/StructureDefinition/Location-Jurisdiction-Id",
              "valueString" : "VT"
            }]
          },
          "country" : "US"
        }
      },
      {
        "url" : "http://hl7.org/fhir/us/vrdr/StructureDefinition/SpouseAlive",
        "valueCodeableConcept" : {
          "coding" : [{
            "system" : "http://terminology.hl7.org/CodeSystem/v2-0136",
            "code" : "Y",
            "display" : "Yes"
          }]
        }
      }],
      "identifier" : [{
        "type" : {
          "coding" : [{
            "system" : "http://terminology.hl7.org/CodeSystem/v2-0203",
            "code" : "SB",
            "display" : "Social Beneficiary Identifier"
          }]
        },
        "system" : "http://hl7.org/fhir/sid/us-ssn",
        "value" : "429471210"
      }],
      "name" : [{
        "use" : "official",
        "given" : ["Suja"]
      }],
      "gender" : "unknown",
      "_birthDate" : {
        "extension" : [{
          "extension" : [{
            "url" : "http://hl7.org/fhir/us/vrdr/StructureDefinition/Date-Year",
            "valueUnsignedInt" : 1979
          },
          {
            "url" : "http://hl7.org/fhir/us/vrdr/StructureDefinition/Date-Month",
            "valueUnsignedInt" : 6
          },
          {
            "url" : "http://hl7.org/fhir/us/vrdr/StructureDefinition/Date-Day",
            "valueUnsignedInt" : 23
          }],
          "url" : "http://hl7.org/fhir/us/vrdr/StructureDefinition/PartialDate"
        }]
      },
      "address" : [{
        "extension" : [{
          "url" : "http://hl7.org/fhir/us/vrdr/StructureDefinition/WithinCityLimitsIndicator",
          "valueCoding" : {
            "system" : "http://terminology.hl7.org/CodeSystem/v3-NullFlavor",
            "code" : "UNK",
            "display" : "unknown"
          }
        }],
        "state" : "VT",
        "country" : "US"
      }],
      "maritalStatus" : {
        "extension" : [{
          "url" : "http://hl7.org/fhir/us/vrdr/StructureDefinition/BypassEditFlag",
          "valueCodeableConcept" : {
            "coding" : [{
              "system" : "http://hl7.org/fhir/us/vrdr/CodeSystem/vrdr-bypass-edit-flag-cs",
              "code" : "0",
              "display" : "Edit Passed"
            }]
          }
        }],
        "coding" : [{
          "system" : "http://terminology.hl7.org/CodeSystem/v3-MaritalStatus",
          "code" : "D",
          "display" : "Divorced"
        }]
      }
    }
  },
  {
    "fullUrl" : "urn:uuid:a7c26122-123b-4559-8edc-d122eb2ccf59",
    "resource" : {
      "resourceType" : "Practitioner",
      "id" : "a7c26122-123b-4559-8edc-d122eb2ccf59",
      "meta" : {
        "versionId" : "1",
        "profile" : ["http://hl7.org/fhir/us/vrdr/StructureDefinition/vrdr-certifier"]
      },
      "text" : {
        "status" : "generated",
        "div" : "<div xmlns=\"http://www.w3.org/1999/xhtml\"><p><b>Generated Narrative: Practitioner</b><a name=\"a7c26122-123b-4559-8edc-d122eb2ccf59\"> </a></p><div style=\"display: inline-block; background-color: #d9e0e7; padding: 6px; margin: 4px; border: 1px solid #8da1b4; border-radius: 5px; line-height: 60%\"><p style=\"margin-bottom: 0px\">Resource Practitioner &quot;a7c26122-123b-4559-8edc-d122eb2ccf59&quot; Version &quot;1&quot; </p><p style=\"margin-bottom: 0px\">Profile: <a href=\"https://build.fhir.org/ig/HL7/vrdr//StructureDefinition-vrdr-certifier.html\">Certifier</a></p></div></div>"
      }
    }
  },
  {
    "fullUrl" : "urn:uuid:ff711839-b145-4192-9a46-d6e507cef1b1",
    "resource" : {
      "resourceType" : "Procedure",
      "id" : "ff711839-b145-4192-9a46-d6e507cef1b1",
      "meta" : {
        "versionId" : "1",
        "profile" : ["http://hl7.org/fhir/us/vrdr/StructureDefinition/vrdr-death-certification"]
      },
      "text" : {
        "status" : "generated",
        "div" : "<div xmlns=\"http://www.w3.org/1999/xhtml\"><p><b>Generated Narrative: Procedure</b><a name=\"ff711839-b145-4192-9a46-d6e507cef1b1\"> </a></p><div style=\"display: inline-block; background-color: #d9e0e7; padding: 6px; margin: 4px; border: 1px solid #8da1b4; border-radius: 5px; line-height: 60%\"><p style=\"margin-bottom: 0px\">Resource Procedure &quot;ff711839-b145-4192-9a46-d6e507cef1b1&quot; Version &quot;1&quot; </p><p style=\"margin-bottom: 0px\">Profile: <a href=\"https://build.fhir.org/ig/HL7/vrdr//StructureDefinition-vrdr-death-certification.html\">Death Certification Procedure</a></p></div><p><b>status</b>: completed</p><p><b>category</b>: Diagnostic procedure <span style=\"background: LightGoldenRodYellow; margin: 4px; border: 1px solid khaki\"> (<a href=\"https://browser.ihtsdotools.org/\">SNOMED CT</a>#103693007)</span></p><p><b>code</b>: Death certification <span style=\"background: LightGoldenRodYellow; margin: 4px; border: 1px solid khaki\"> (<a href=\"https://browser.ihtsdotools.org/\">SNOMED CT</a>#308646001)</span></p><p><b>subject</b>: <a href=\"#Patient_1c869329-6b5c-410d-a1f8-d51d0a049e9e\">See above (Patient/1c869329-6b5c-410d-a1f8-d51d0a049e9e)</a></p></div>"
      },
      "status" : "completed",
      "category" : {
        "coding" : [{
          "system" : "http://snomed.info/sct",
          "code" : "103693007",
          "display" : "Diagnostic procedure"
        }]
      },
      "code" : {
        "coding" : [{
          "system" : "http://snomed.info/sct",
          "code" : "308646001",
          "display" : "Death certification"
        }]
      },
      "subject" : {
        "reference" : "Patient/1c869329-6b5c-410d-a1f8-d51d0a049e9e"
      }
    }
  },
  {
    "fullUrl" : "urn:uuid:db527019-eeda-47d1-8ed2-bacbc6651ce1",
    "resource" : {
      "resourceType" : "Observation",
      "id" : "db527019-eeda-47d1-8ed2-bacbc6651ce1",
      "meta" : {
        "versionId" : "1",
        "lastUpdated" : "2023-12-28T15:14:45.2372342+00:00",
        "source" : "EDRS-IJE:Bundle/d3ef4c72-baca-4cd5-b9c2-4de93ad72770",
        "profile" : ["http://hl7.org/fhir/us/vrdr/StructureDefinition/vrdr-death-date"]
      },
      "text" : {
        "status" : "generated",
        "div" : "<div xmlns=\"http://www.w3.org/1999/xhtml\"><p><b>Generated Narrative: Observation</b><a name=\"db527019-eeda-47d1-8ed2-bacbc6651ce1\"> </a></p><div style=\"display: inline-block; background-color: #d9e0e7; padding: 6px; margin: 4px; border: 1px solid #8da1b4; border-radius: 5px; line-height: 60%\"><p style=\"margin-bottom: 0px\">Resource Observation &quot;db527019-eeda-47d1-8ed2-bacbc6651ce1&quot; Version &quot;1&quot; Updated &quot;2023-12-28 15:14:45+0000&quot; </p><p style=\"margin-bottom: 0px\">Information Source: EDRS-IJE:Bundle/d3ef4c72-baca-4cd5-b9c2-4de93ad72770!</p><p style=\"margin-bottom: 0px\">Profile: <a href=\"https://build.fhir.org/ig/HL7/vrdr//StructureDefinition-vrdr-death-date.html\">Death Date</a></p></div><p><b>status</b>: final</p><p><b>code</b>: Date+time of death <span style=\"background: LightGoldenRodYellow; margin: 4px; border: 1px solid khaki\"> (<a href=\"https://loinc.org/\">LOINC</a>#81956-5)</span></p><p><b>subject</b>: <a href=\"#Patient_1c869329-6b5c-410d-a1f8-d51d0a049e9e\">See above (Patient/1c869329-6b5c-410d-a1f8-d51d0a049e9e)</a></p><p><b>value</b>: ??</p><h3>Components</h3><table class=\"grid\"><tr><td style=\"display: none\">-</td><td><b>Code</b></td><td><b>Value[x]</b></td></tr><tr><td style=\"display: none\">*</td><td>Location of death <span style=\"background: LightGoldenRodYellow; margin: 4px; border: 1px solid khaki\"> (<a href=\"https://loinc.org/\">LOINC</a>#58332-8)</span></td><td>Death in hospital-based emergency department or outpatient department <span style=\"background: LightGoldenRodYellow; margin: 4px; border: 1px solid khaki\"> (<a href=\"https://browser.ihtsdotools.org/\">SNOMED CT</a>#450391000124102)</span></td></tr></table></div>"
      },
      "status" : "final",
      "code" : {
        "coding" : [{
          "system" : "http://loinc.org",
          "code" : "81956-5",
          "display" : "Date+time of death"
        }]
      },
      "subject" : {
        "reference" : "Patient/1c869329-6b5c-410d-a1f8-d51d0a049e9e"
      },
      "_valueDateTime" : {
        "extension" : [{
          "extension" : [{
            "url" : "http://hl7.org/fhir/us/vrdr/StructureDefinition/Date-Year",
            "valueUnsignedInt" : 2023
          },
          {
            "url" : "http://hl7.org/fhir/us/vrdr/StructureDefinition/Date-Month",
            "valueUnsignedInt" : 7
          },
          {
            "url" : "http://hl7.org/fhir/us/vrdr/StructureDefinition/Date-Day",
            "valueUnsignedInt" : 20
          },
          {
            "extension" : [{
              "url" : "http://hl7.org/fhir/StructureDefinition/data-absent-reason",
              "valueCode" : "temp-unknown"
            }],
            "url" : "http://hl7.org/fhir/us/vrdr/StructureDefinition/Date-Time"
          }],
          "url" : "http://hl7.org/fhir/us/vrdr/StructureDefinition/PartialDateTime"
        }]
      },
      "component" : [{
        "code" : {
          "coding" : [{
            "system" : "http://loinc.org",
            "code" : "58332-8",
            "display" : "Location of death"
          }]
        },
        "valueCodeableConcept" : {
          "coding" : [{
            "system" : "http://snomed.info/sct",
            "code" : "450391000124102",
            "display" : "Death in hospital-based emergency department or outpatient department"
          }]
        }
      }]
    }
  },
  {
    "fullUrl" : "urn:uuid:3e2da10c-50cc-453a-97d5-c1b16f28d122",
    "resource" : {
      "resourceType" : "Location",
      "id" : "3e2da10c-50cc-453a-97d5-c1b16f28d122",
      "meta" : {
        "versionId" : "1",
        "lastUpdated" : "2023-12-28T15:14:45.2372419+00:00",
        "source" : "EDRS-IJE:Bundle/d3ef4c72-baca-4cd5-b9c2-4de93ad72770",
        "profile" : ["http://hl7.org/fhir/us/vrdr/StructureDefinition/vrdr-death-location"]
      },
      "text" : {
        "status" : "generated",
        "div" : "<div xmlns=\"http://www.w3.org/1999/xhtml\"><p><b>Generated Narrative: Location</b><a name=\"3e2da10c-50cc-453a-97d5-c1b16f28d122\"> </a></p><div style=\"display: inline-block; background-color: #d9e0e7; padding: 6px; margin: 4px; border: 1px solid #8da1b4; border-radius: 5px; line-height: 60%\"><p style=\"margin-bottom: 0px\">Resource Location &quot;3e2da10c-50cc-453a-97d5-c1b16f28d122&quot; Version &quot;1&quot; Updated &quot;2023-12-28 15:14:45+0000&quot; </p><p style=\"margin-bottom: 0px\">Information Source: EDRS-IJE:Bundle/d3ef4c72-baca-4cd5-b9c2-4de93ad72770!</p><p style=\"margin-bottom: 0px\">Profile: <a href=\"https://build.fhir.org/ig/HL7/vrdr//StructureDefinition-vrdr-death-location.html\">Death Location</a></p></div><p><b>name</b>: BLANK</p><p><b>type</b>: death location <span style=\"background: LightGoldenRodYellow; margin: 4px; border: 1px solid khaki\"> (<a href=\"https://build.fhir.org/ig/HL7/vrdr//CodeSystem-vrdr-location-type-cs.html\">Location Type Code System</a>#death)</span></p><p><b>address</b>: VT US </p></div>"
      },
      "name" : "BLANK",
      "type" : [{
        "coding" : [{
          "system" : "http://hl7.org/fhir/us/vrdr/CodeSystem/vrdr-location-type-cs",
          "code" : "death",
          "display" : "death location"
        }]
      }],
      "address" : {
        "state" : "VT",
        "_state" : {
          "extension" : [{
            "url" : "http://hl7.org/fhir/us/vrdr/StructureDefinition/Location-Jurisdiction-Id",
            "valueString" : "VT"
          }]
        },
        "country" : "US"
      }
    }
  },
  {
    "fullUrl" : "urn:uuid:fed172dc-f5a0-41a8-afbf-98fa756fd307",
    "resource" : {
      "resourceType" : "Observation",
      "id" : "fed172dc-f5a0-41a8-afbf-98fa756fd307",
      "meta" : {
        "versionId" : "1",
        "lastUpdated" : "2023-12-28T15:14:45.2372449+00:00",
        "source" : "EDRS-IJE:Bundle/d3ef4c72-baca-4cd5-b9c2-4de93ad72770",
        "profile" : ["http://hl7.org/fhir/us/vrdr/StructureDefinition/vrdr-decedent-age"]
      },
      "text" : {
        "status" : "generated",
        "div" : "<div xmlns=\"http://www.w3.org/1999/xhtml\"><p><b>Generated Narrative: Observation</b><a name=\"fed172dc-f5a0-41a8-afbf-98fa756fd307\"> </a></p><div style=\"display: inline-block; background-color: #d9e0e7; padding: 6px; margin: 4px; border: 1px solid #8da1b4; border-radius: 5px; line-height: 60%\"><p style=\"margin-bottom: 0px\">Resource Observation &quot;fed172dc-f5a0-41a8-afbf-98fa756fd307&quot; Version &quot;1&quot; Updated &quot;2023-12-28 15:14:45+0000&quot; </p><p style=\"margin-bottom: 0px\">Information Source: EDRS-IJE:Bundle/d3ef4c72-baca-4cd5-b9c2-4de93ad72770!</p><p style=\"margin-bottom: 0px\">Profile: <a href=\"https://build.fhir.org/ig/HL7/vrdr//StructureDefinition-vrdr-decedent-age.html\">Decedent Age</a></p></div><p><b>status</b>: final</p><p><b>code</b>: Age at death <span style=\"background: LightGoldenRodYellow; margin: 4px; border: 1px solid khaki\"> (<a href=\"https://loinc.org/\">LOINC</a>#39016-1)</span></p><p><b>subject</b>: <a href=\"#Patient_1c869329-6b5c-410d-a1f8-d51d0a049e9e\">See above (Patient/1c869329-6b5c-410d-a1f8-d51d0a049e9e)</a></p><p><b>value</b>: 44 Years<span style=\"background: LightGoldenRodYellow\"> (Details: UCUM code a = 'a')</span></p></div>"
      },
      "status" : "final",
      "code" : {
        "coding" : [{
          "system" : "http://loinc.org",
          "code" : "39016-1",
          "display" : "Age at death"
        }]
      },
      "subject" : {
        "reference" : "Patient/1c869329-6b5c-410d-a1f8-d51d0a049e9e"
      },
      "valueQuantity" : {
        "extension" : [{
          "url" : "http://hl7.org/fhir/us/vrdr/StructureDefinition/BypassEditFlag",
          "valueCodeableConcept" : {
            "coding" : [{
              "system" : "http://hl7.org/fhir/us/vrdr/CodeSystem/vrdr-bypass-edit-flag-cs",
              "code" : "0",
              "display" : "Edit Passed"
            }]
          }
        }],
        "value" : 44,
        "unit" : "Years",
        "system" : "http://unitsofmeasure.org",
        "code" : "a"
      }
    }
  },
  {
    "fullUrl" : "urn:uuid:50b2f51d-930f-4410-b01f-8d860dd88f11",
    "resource" : {
      "resourceType" : "Observation",
      "id" : "50b2f51d-930f-4410-b01f-8d860dd88f11",
      "meta" : {
        "versionId" : "1",
        "lastUpdated" : "2023-12-28T15:14:45.2372485+00:00",
        "source" : "EDRS-IJE:Bundle/d3ef4c72-baca-4cd5-b9c2-4de93ad72770",
        "profile" : ["http://hl7.org/fhir/us/vrdr/StructureDefinition/vrdr-decedent-education-level"]
      },
      "text" : {
        "status" : "generated",
        "div" : "<div xmlns=\"http://www.w3.org/1999/xhtml\"><p><b>Generated Narrative: Observation</b><a name=\"50b2f51d-930f-4410-b01f-8d860dd88f11\"> </a></p><div style=\"display: inline-block; background-color: #d9e0e7; padding: 6px; margin: 4px; border: 1px solid #8da1b4; border-radius: 5px; line-height: 60%\"><p style=\"margin-bottom: 0px\">Resource Observation &quot;50b2f51d-930f-4410-b01f-8d860dd88f11&quot; Version &quot;1&quot; Updated &quot;2023-12-28 15:14:45+0000&quot; </p><p style=\"margin-bottom: 0px\">Information Source: EDRS-IJE:Bundle/d3ef4c72-baca-4cd5-b9c2-4de93ad72770!</p><p style=\"margin-bottom: 0px\">Profile: <a href=\"https://build.fhir.org/ig/HL7/vrdr//StructureDefinition-vrdr-decedent-education-level.html\">Decedent Education Level</a></p></div><p><b>status</b>: final</p><p><b>code</b>: Highest level of education [US Standard Certificate of Death] <span style=\"background: LightGoldenRodYellow; margin: 4px; border: 1px solid khaki\"> (<a href=\"https://loinc.org/\">LOINC</a>#80913-7)</span></p><p><b>subject</b>: <a href=\"#Patient_1c869329-6b5c-410d-a1f8-d51d0a049e9e\">See above (Patient/1c869329-6b5c-410d-a1f8-d51d0a049e9e)</a></p><p><b>value</b>: unknown <span style=\"background: LightGoldenRodYellow; margin: 4px; border: 1px solid khaki\"> (<a href=\"http://terminology.hl7.org/3.1.0/CodeSystem-v3-NullFlavor.html\">NullFlavor</a>#UNK)</span></p></div>"
      },
      "status" : "final",
      "code" : {
        "coding" : [{
          "system" : "http://loinc.org",
          "code" : "80913-7",
          "display" : "Highest level of education [US Standard Certificate of Death]"
        }]
      },
      "subject" : {
        "reference" : "Patient/1c869329-6b5c-410d-a1f8-d51d0a049e9e"
      },
      "valueCodeableConcept" : {
        "extension" : [{
          "url" : "http://hl7.org/fhir/us/vrdr/StructureDefinition/BypassEditFlag",
          "valueCodeableConcept" : {
            "coding" : [{
              "system" : "http://hl7.org/fhir/us/vrdr/CodeSystem/vrdr-bypass-edit-flag-cs",
              "code" : "0",
              "display" : "Edit Passed"
            }]
          }
        }],
        "coding" : [{
          "system" : "http://terminology.hl7.org/CodeSystem/v3-NullFlavor",
          "code" : "UNK",
          "display" : "unknown"
        }]
      }
    }
  },
  {
    "fullUrl" : "urn:uuid:a3b86fd4-b9f7-47a4-8f2a-7ca3f14a6425",
    "resource" : {
      "resourceType" : "Observation",
      "id" : "a3b86fd4-b9f7-47a4-8f2a-7ca3f14a6425",
      "meta" : {
        "versionId" : "1",
        "profile" : ["http://hl7.org/fhir/us/vrdr/StructureDefinition/vrdr-decedent-usual-work"]
      },
      "text" : {
        "status" : "generated",
        "div" : "<div xmlns=\"http://www.w3.org/1999/xhtml\"><p><b>Generated Narrative: Observation</b><a name=\"a3b86fd4-b9f7-47a4-8f2a-7ca3f14a6425\"> </a></p><div style=\"display: inline-block; background-color: #d9e0e7; padding: 6px; margin: 4px; border: 1px solid #8da1b4; border-radius: 5px; line-height: 60%\"><p style=\"margin-bottom: 0px\">Resource Observation &quot;a3b86fd4-b9f7-47a4-8f2a-7ca3f14a6425&quot; Version &quot;1&quot; </p><p style=\"margin-bottom: 0px\">Profile: <a href=\"https://build.fhir.org/ig/HL7/vrdr//StructureDefinition-vrdr-decedent-usual-work.html\">Decedent Usual Work</a></p></div><p><b>status</b>: final</p><p><b>category</b>: Social History <span style=\"background: LightGoldenRodYellow; margin: 4px; border: 1px solid khaki\"> (<a href=\"http://terminology.hl7.org/3.1.0/CodeSystem-observation-category.html\">Observation Category Codes</a>#social-history)</span></p><p><b>code</b>: History of Usual occupation <span style=\"background: LightGoldenRodYellow; margin: 4px; border: 1px solid khaki\"> (<a href=\"https://loinc.org/\">LOINC</a>#21843-8)</span></p><p><b>subject</b>: <a href=\"#Patient_1c869329-6b5c-410d-a1f8-d51d0a049e9e\">See above (Patient/1c869329-6b5c-410d-a1f8-d51d0a049e9e)</a></p><p><b>value</b>: Software developer <span style=\"background: LightGoldenRodYellow; margin: 4px; border: 1px solid khaki\"> (<a href=\"http://terminology.hl7.org/3.1.0/CodeSystem-v3-NullFlavor.html\">NullFlavor</a>#UNK &quot;unknown&quot;)</span></p><h3>Components</h3><table class=\"grid\"><tr><td style=\"display: none\">-</td><td><b>Code</b></td><td><b>Value[x]</b></td></tr><tr><td style=\"display: none\">*</td><td>History of Usual industry <span style=\"background: LightGoldenRodYellow; margin: 4px; border: 1px solid khaki\"> (<a href=\"https://loinc.org/\">LOINC</a>#21844-6)</span></td><td>Computer <span style=\"background: LightGoldenRodYellow; margin: 4px; border: 1px solid khaki\"> (<a href=\"http://terminology.hl7.org/3.1.0/CodeSystem-v3-NullFlavor.html\">NullFlavor</a>#UNK &quot;unknown&quot;)</span></td></tr></table></div>"
      },
      "status" : "final",
      "category" : [{
        "coding" : [{
          "system" : "http://terminology.hl7.org/CodeSystem/observation-category",
          "code" : "social-history"
        }]
      }],
      "code" : {
        "coding" : [{
          "system" : "http://loinc.org",
          "code" : "21843-8",
          "display" : "History of Usual occupation"
        }]
      },
      "subject" : {
        "reference" : "Patient/1c869329-6b5c-410d-a1f8-d51d0a049e9e"
      },
      "valueCodeableConcept" : {
        "coding" : [{
          "system" : "http://terminology.hl7.org/CodeSystem/v3-NullFlavor",
          "code" : "UNK",
          "display" : "unknown"
        }],
        "text" : "Software developer"
      },
      "component" : [{
        "code" : {
          "coding" : [{
            "system" : "http://loinc.org",
            "code" : "21844-6",
            "display" : "History of Usual industry"
          }]
        },
        "valueCodeableConcept" : {
          "coding" : [{
            "system" : "http://terminology.hl7.org/CodeSystem/v3-NullFlavor",
            "code" : "UNK",
            "display" : "unknown"
          }],
          "text" : "Computer"
        }
      }]
    }
  },
  {
    "fullUrl" : "urn:uuid:23002917-2563-4188-be79-53edb63df32b",
    "resource" : {
      "resourceType" : "Observation",
      "id" : "23002917-2563-4188-be79-53edb63df32b",
      "meta" : {
        "versionId" : "1",
        "lastUpdated" : "2023-12-28T15:14:45.2372661+00:00",
        "source" : "EDRS-IJE:Bundle/d3ef4c72-baca-4cd5-b9c2-4de93ad72770",
        "profile" : ["http://hl7.org/fhir/us/vrdr/StructureDefinition/vrdr-decedent-disposition-method"]
      },
      "text" : {
        "status" : "generated",
        "div" : "<div xmlns=\"http://www.w3.org/1999/xhtml\"><p><b>Generated Narrative: Observation</b><a name=\"23002917-2563-4188-be79-53edb63df32b\"> </a></p><div style=\"display: inline-block; background-color: #d9e0e7; padding: 6px; margin: 4px; border: 1px solid #8da1b4; border-radius: 5px; line-height: 60%\"><p style=\"margin-bottom: 0px\">Resource Observation &quot;23002917-2563-4188-be79-53edb63df32b&quot; Version &quot;1&quot; Updated &quot;2023-12-28 15:14:45+0000&quot; </p><p style=\"margin-bottom: 0px\">Information Source: EDRS-IJE:Bundle/d3ef4c72-baca-4cd5-b9c2-4de93ad72770!</p><p style=\"margin-bottom: 0px\">Profile: <a href=\"https://build.fhir.org/ig/HL7/vrdr//StructureDefinition-vrdr-decedent-disposition-method.html\">Decedent Disposition Method</a></p></div><p><b>status</b>: final</p><p><b>code</b>: Body disposition method <span style=\"background: LightGoldenRodYellow; margin: 4px; border: 1px solid khaki\"> (<a href=\"https://loinc.org/\">LOINC</a>#80905-3)</span></p><p><b>subject</b>: <a href=\"#Patient_1c869329-6b5c-410d-a1f8-d51d0a049e9e\">See above (Patient/1c869329-6b5c-410d-a1f8-d51d0a049e9e)</a></p><p><b>value</b>: Cremation <span style=\"background: LightGoldenRodYellow; margin: 4px; border: 1px solid khaki\"> (<a href=\"https://browser.ihtsdotools.org/\">SNOMED CT</a>#449961000124104)</span></p></div>"
      },
      "status" : "final",
      "code" : {
        "coding" : [{
          "system" : "http://loinc.org",
          "code" : "80905-3",
          "display" : "Body disposition method"
        }]
      },
      "subject" : {
        "reference" : "Patient/1c869329-6b5c-410d-a1f8-d51d0a049e9e"
      },
      "valueCodeableConcept" : {
        "coding" : [{
          "system" : "http://snomed.info/sct",
          "code" : "449961000124104",
          "display" : "Cremation"
        }]
      }
    }
  },
  {
    "fullUrl" : "urn:uuid:c5533e65-d650-4554-a760-d1d3a2a64964",
    "resource" : {
      "resourceType" : "Observation",
      "id" : "c5533e65-d650-4554-a760-d1d3a2a64964",
      "meta" : {
        "versionId" : "1",
        "profile" : ["http://hl7.org/fhir/us/vrdr/StructureDefinition/vrdr-decedent-pregnancy-status"]
      },
      "text" : {
        "status" : "generated",
        "div" : "<div xmlns=\"http://www.w3.org/1999/xhtml\"><p><b>Generated Narrative: Observation</b><a name=\"c5533e65-d650-4554-a760-d1d3a2a64964\"> </a></p><div style=\"display: inline-block; background-color: #d9e0e7; padding: 6px; margin: 4px; border: 1px solid #8da1b4; border-radius: 5px; line-height: 60%\"><p style=\"margin-bottom: 0px\">Resource Observation &quot;c5533e65-d650-4554-a760-d1d3a2a64964&quot; Version &quot;1&quot; </p><p style=\"margin-bottom: 0px\">Profile: <a href=\"https://build.fhir.org/ig/HL7/vrdr//StructureDefinition-vrdr-decedent-pregnancy-status.html\">Decedent Pregnancy Status</a></p></div><p><b>status</b>: final</p><p><b>code</b>: Timing of recent pregnancy in relation to death <span style=\"background: LightGoldenRodYellow; margin: 4px; border: 1px solid khaki\"> (<a href=\"https://loinc.org/\">LOINC</a>#69442-2)</span></p><p><b>subject</b>: <a href=\"#Patient_1c869329-6b5c-410d-a1f8-d51d0a049e9e\">See above (Patient/1c869329-6b5c-410d-a1f8-d51d0a049e9e)</a></p><p><b>value</b>:  <span style=\"background: LightGoldenRodYellow; margin: 4px; border: 1px solid khaki\"> ()</span></p></div>"
      },
      "status" : "final",
      "code" : {
        "coding" : [{
          "system" : "http://loinc.org",
          "code" : "69442-2",
          "display" : "Timing of recent pregnancy in relation to death"
        }]
      },
      "subject" : {
        "reference" : "Patient/1c869329-6b5c-410d-a1f8-d51d0a049e9e"
      },
      "valueCodeableConcept" : {
        "extension" : [{
          "url" : "http://hl7.org/fhir/us/vrdr/StructureDefinition/BypassEditFlag",
          "valueCodeableConcept" : {
            "coding" : [{
              "system" : "http://hl7.org/fhir/us/vrdr/CodeSystem/vrdr-bypass-edit-flag-cs",
              "code" : "0",
              "display" : "Edit Passed"
            }]
          }
        }]
      }
    }
  },
  {
    "fullUrl" : "urn:uuid:91e9e4fc-8080-42aa-ac40-4aa4e0285624",
    "resource" : {
      "resourceType" : "RelatedPerson",
      "id" : "91e9e4fc-8080-42aa-ac40-4aa4e0285624",
      "meta" : {
        "versionId" : "1",
        "lastUpdated" : "2023-12-28T15:14:45.23728+00:00",
        "source" : "EDRS-IJE:Bundle/d3ef4c72-baca-4cd5-b9c2-4de93ad72770",
        "profile" : ["http://hl7.org/fhir/us/vrdr/StructureDefinition/vrdr-decedent-father"]
      },
      "text" : {
        "status" : "generated",
        "div" : "<div xmlns=\"http://www.w3.org/1999/xhtml\"><p><b>Generated Narrative: RelatedPerson</b><a name=\"91e9e4fc-8080-42aa-ac40-4aa4e0285624\"> </a></p><div style=\"display: inline-block; background-color: #d9e0e7; padding: 6px; margin: 4px; border: 1px solid #8da1b4; border-radius: 5px; line-height: 60%\"><p style=\"margin-bottom: 0px\">Resource RelatedPerson &quot;91e9e4fc-8080-42aa-ac40-4aa4e0285624&quot; Version &quot;1&quot; Updated &quot;2023-12-28 15:14:45+0000&quot; </p><p style=\"margin-bottom: 0px\">Information Source: EDRS-IJE:Bundle/d3ef4c72-baca-4cd5-b9c2-4de93ad72770!</p><p style=\"margin-bottom: 0px\">Profile: <a href=\"https://build.fhir.org/ig/HL7/vrdr//StructureDefinition-vrdr-decedent-father.html\">Decedent Father</a></p></div><p><b>active</b>: true</p><p><b>patient</b>: <a href=\"#Patient_1c869329-6b5c-410d-a1f8-d51d0a049e9e\">See above (Patient/1c869329-6b5c-410d-a1f8-d51d0a049e9e)</a></p><p><b>relationship</b>: Father <span style=\"background: LightGoldenRodYellow; margin: 4px; border: 1px solid khaki\"> (<a href=\"http://terminology.hl7.org/3.1.0/CodeSystem-v3-RoleCode.html\">RoleCode</a>#FTH &quot;father&quot;)</span></p><p><b>name</b>: Decedent Dad(OFFICIAL)</p></div>"
      },
      "active" : true,
      "patient" : {
        "reference" : "Patient/1c869329-6b5c-410d-a1f8-d51d0a049e9e"
      },
      "relationship" : [{
        "coding" : [{
          "system" : "http://terminology.hl7.org/CodeSystem/v3-RoleCode",
          "code" : "FTH",
          "display" : "father"
        }],
        "text" : "Father"
      }],
      "name" : [{
        "use" : "official",
        "text" : "Decedent Dad",
        "family" : "UNKNOWN"
      }]
    }
  },
  {
    "fullUrl" : "urn:uuid:1dc1cbf6-83c2-4656-bcde-0034b8796f72",
    "resource" : {
      "resourceType" : "Observation",
      "id" : "1dc1cbf6-83c2-4656-bcde-0034b8796f72",
      "meta" : {
        "versionId" : "1",
        "lastUpdated" : "2023-12-28T15:14:45.237292+00:00",
        "source" : "EDRS-IJE:Bundle/d3ef4c72-baca-4cd5-b9c2-4de93ad72770",
        "profile" : ["http://hl7.org/fhir/us/vrdr/StructureDefinition/vrdr-autopsy-performed-indicator"]
      },
      "text" : {
        "status" : "generated",
        "div" : "<div xmlns=\"http://www.w3.org/1999/xhtml\"><p><b>Generated Narrative: Observation</b><a name=\"1dc1cbf6-83c2-4656-bcde-0034b8796f72\"> </a></p><div style=\"display: inline-block; background-color: #d9e0e7; padding: 6px; margin: 4px; border: 1px solid #8da1b4; border-radius: 5px; line-height: 60%\"><p style=\"margin-bottom: 0px\">Resource Observation &quot;1dc1cbf6-83c2-4656-bcde-0034b8796f72&quot; Version &quot;1&quot; Updated &quot;2023-12-28 15:14:45+0000&quot; </p><p style=\"margin-bottom: 0px\">Information Source: EDRS-IJE:Bundle/d3ef4c72-baca-4cd5-b9c2-4de93ad72770!</p><p style=\"margin-bottom: 0px\">Profile: <a href=\"https://build.fhir.org/ig/HL7/vrdr//StructureDefinition-vrdr-autopsy-performed-indicator.html\">Autopsy Performed Indicator</a></p></div><p><b>status</b>: final</p><p><b>code</b>: Autopsy was performed <span style=\"background: LightGoldenRodYellow; margin: 4px; border: 1px solid khaki\"> (<a href=\"https://loinc.org/\">LOINC</a>#85699-7)</span></p><p><b>subject</b>: <a href=\"#Patient_1c869329-6b5c-410d-a1f8-d51d0a049e9e\">See above (Patient/1c869329-6b5c-410d-a1f8-d51d0a049e9e)</a></p><p><b>value</b>: No <span style=\"background: LightGoldenRodYellow; margin: 4px; border: 1px solid khaki\"> (<a href=\"http://hl7.org/fhir/R4/v2/0136/index.html\">v2 Y/N Indicator</a>#N)</span></p><h3>Components</h3><table class=\"grid\"><tr><td style=\"display: none\">-</td><td><b>Code</b></td><td><b>Value[x]</b></td></tr><tr><td style=\"display: none\">*</td><td>Autopsy results available <span style=\"background: LightGoldenRodYellow; margin: 4px; border: 1px solid khaki\"> (<a href=\"https://loinc.org/\">LOINC</a>#69436-4)</span></td><td>not applicable <span style=\"background: LightGoldenRodYellow; margin: 4px; border: 1px solid khaki\"> (<a href=\"http://terminology.hl7.org/3.1.0/CodeSystem-v3-NullFlavor.html\">NullFlavor</a>#NA)</span></td></tr></table></div>"
      },
      "status" : "final",
      "code" : {
        "coding" : [{
          "system" : "http://loinc.org",
          "code" : "85699-7",
          "display" : "Autopsy was performed"
        }]
      },
      "subject" : {
        "reference" : "Patient/1c869329-6b5c-410d-a1f8-d51d0a049e9e"
      },
      "valueCodeableConcept" : {
        "coding" : [{
          "system" : "http://terminology.hl7.org/CodeSystem/v2-0136",
          "code" : "N",
          "display" : "No"
        }]
      },
      "component" : [{
        "code" : {
          "coding" : [{
            "system" : "http://loinc.org",
            "code" : "69436-4",
            "display" : "Autopsy results available"
          }]
        },
        "valueCodeableConcept" : {
          "coding" : [{
            "system" : "http://terminology.hl7.org/CodeSystem/v3-NullFlavor",
            "code" : "NA",
            "display" : "not applicable"
          }]
        }
      }]
    }
  },
  {
    "fullUrl" : "urn:uuid:d6871f50-6e81-4244-b688-8d57858d9a6b",
    "resource" : {
      "resourceType" : "Observation",
      "id" : "d6871f50-6e81-4244-b688-8d57858d9a6b",
      "meta" : {
        "versionId" : "1",
        "profile" : ["http://hl7.org/fhir/us/vrdr/StructureDefinition/vrdr-tobacco-use-contributed-to-death"]
      },
      "text" : {
        "status" : "generated",
        "div" : "<div xmlns=\"http://www.w3.org/1999/xhtml\"><p><b>Generated Narrative: Observation</b><a name=\"d6871f50-6e81-4244-b688-8d57858d9a6b\"> </a></p><div style=\"display: inline-block; background-color: #d9e0e7; padding: 6px; margin: 4px; border: 1px solid #8da1b4; border-radius: 5px; line-height: 60%\"><p style=\"margin-bottom: 0px\">Resource Observation &quot;d6871f50-6e81-4244-b688-8d57858d9a6b&quot; Version &quot;1&quot; </p><p style=\"margin-bottom: 0px\">Profile: <a href=\"https://build.fhir.org/ig/HL7/vrdr//StructureDefinition-vrdr-tobacco-use-contributed-to-death.html\">Tobacco Use Contributed To Death</a></p></div><p><b>status</b>: final</p><p><b>code</b>: Did tobacco use contribute to death <span style=\"background: LightGoldenRodYellow; margin: 4px; border: 1px solid khaki\"> (<a href=\"https://loinc.org/\">LOINC</a>#69443-0)</span></p><p><b>subject</b>: <a href=\"#Patient_1c869329-6b5c-410d-a1f8-d51d0a049e9e\">See above (Patient/1c869329-6b5c-410d-a1f8-d51d0a049e9e)</a></p><p><b>value</b>: No <span style=\"background: LightGoldenRodYellow; margin: 4px; border: 1px solid khaki\"> (<a href=\"https://browser.ihtsdotools.org/\">SNOMED CT</a>#373067005)</span></p></div>"
      },
      "status" : "final",
      "code" : {
        "coding" : [{
          "system" : "http://loinc.org",
          "code" : "69443-0",
          "display" : "Did tobacco use contribute to death"
        }]
      },
      "subject" : {
        "reference" : "Patient/1c869329-6b5c-410d-a1f8-d51d0a049e9e"
      },
      "valueCodeableConcept" : {
        "coding" : [{
          "system" : "http://snomed.info/sct",
          "code" : "373067005",
          "display" : "No"
        }]
      }
    }
  },
  {
    "fullUrl" : "urn:uuid:78eb0c92-34e8-4be9-b84c-8860482a4702",
    "resource" : {
      "resourceType" : "Observation",
      "id" : "78eb0c92-34e8-4be9-b84c-8860482a4702",
      "meta" : {
        "versionId" : "1",
        "lastUpdated" : "2023-12-28T15:14:45.2373158+00:00",
        "source" : "EDRS-IJE:Bundle/d3ef4c72-baca-4cd5-b9c2-4de93ad72770",
        "profile" : ["http://hl7.org/fhir/us/vrdr/StructureDefinition/vrdr-manner-of-death"]
      },
      "text" : {
        "status" : "generated",
        "div" : "<div xmlns=\"http://www.w3.org/1999/xhtml\"><p><b>Generated Narrative: Observation</b><a name=\"78eb0c92-34e8-4be9-b84c-8860482a4702\"> </a></p><div style=\"display: inline-block; background-color: #d9e0e7; padding: 6px; margin: 4px; border: 1px solid #8da1b4; border-radius: 5px; line-height: 60%\"><p style=\"margin-bottom: 0px\">Resource Observation &quot;78eb0c92-34e8-4be9-b84c-8860482a4702&quot; Version &quot;1&quot; Updated &quot;2023-12-28 15:14:45+0000&quot; </p><p style=\"margin-bottom: 0px\">Information Source: EDRS-IJE:Bundle/d3ef4c72-baca-4cd5-b9c2-4de93ad72770!</p><p style=\"margin-bottom: 0px\">Profile: <a href=\"https://build.fhir.org/ig/HL7/vrdr//StructureDefinition-vrdr-manner-of-death.html\">Manner of Death</a></p></div><p><b>status</b>: final</p><p><b>code</b>: Manner of death <span style=\"background: LightGoldenRodYellow; margin: 4px; border: 1px solid khaki\"> (<a href=\"https://loinc.org/\">LOINC</a>#69449-7)</span></p><p><b>subject</b>: <a href=\"#Patient_1c869329-6b5c-410d-a1f8-d51d0a049e9e\">See above (Patient/1c869329-6b5c-410d-a1f8-d51d0a049e9e)</a></p><p><b>performer</b>: <a href=\"#Practitioner_a7c26122-123b-4559-8edc-d122eb2ccf59\">See above (urn:uuid:a7c26122-123b-4559-8edc-d122eb2ccf59)</a></p><p><b>value</b>: Accidental death <span style=\"background: LightGoldenRodYellow; margin: 4px; border: 1px solid khaki\"> (<a href=\"https://browser.ihtsdotools.org/\">SNOMED CT</a>#7878000)</span></p></div>"
      },
      "status" : "final",
      "code" : {
        "coding" : [{
          "system" : "http://loinc.org",
          "code" : "69449-7",
          "display" : "Manner of death"
        }]
      },
      "subject" : {
        "reference" : "Patient/1c869329-6b5c-410d-a1f8-d51d0a049e9e"
      },
      "performer" : [{
        "reference" : "urn:uuid:a7c26122-123b-4559-8edc-d122eb2ccf59"
      }],
      "valueCodeableConcept" : {
        "coding" : [{
          "system" : "http://snomed.info/sct",
          "code" : "7878000",
          "display" : "Accidental death"
        }]
      }
    }
  },
  {
    "fullUrl" : "urn:uuid:cb29b307-62a4-4733-9c94-64b97ac92f64",
    "resource" : {
      "resourceType" : "Observation",
      "id" : "cb29b307-62a4-4733-9c94-64b97ac92f64",
      "meta" : {
        "versionId" : "1",
        "lastUpdated" : "2023-12-28T15:14:45.2373277+00:00",
        "source" : "EDRS-IJE:Bundle/d3ef4c72-baca-4cd5-b9c2-4de93ad72770",
        "profile" : ["http://hl7.org/fhir/us/vrdr/StructureDefinition/vrdr-input-race-and-ethnicity"]
      },
      "text" : {
        "status" : "generated",
        "div" : "<div xmlns=\"http://www.w3.org/1999/xhtml\"><p><b>Generated Narrative: Observation</b><a name=\"cb29b307-62a4-4733-9c94-64b97ac92f64\"> </a></p><div style=\"display: inline-block; background-color: #d9e0e7; padding: 6px; margin: 4px; border: 1px solid #8da1b4; border-radius: 5px; line-height: 60%\"><p style=\"margin-bottom: 0px\">Resource Observation &quot;cb29b307-62a4-4733-9c94-64b97ac92f64&quot; Version &quot;1&quot; Updated &quot;2023-12-28 15:14:45+0000&quot; </p><p style=\"margin-bottom: 0px\">Information Source: EDRS-IJE:Bundle/d3ef4c72-baca-4cd5-b9c2-4de93ad72770!</p><p style=\"margin-bottom: 0px\">Profile: <a href=\"https://build.fhir.org/ig/HL7/vrdr//StructureDefinition-vrdr-input-race-and-ethnicity.html\">Input Race and Ethnicity</a></p></div><p><b>status</b>: final</p><p><b>code</b>: Input Race and Ethnicity <span style=\"background: LightGoldenRodYellow; margin: 4px; border: 1px solid khaki\"> (<a href=\"https://build.fhir.org/ig/HL7/vrdr//CodeSystem-vrdr-observations-cs.html\">Local Observation Codes</a>#inputraceandethnicity)</span></p><p><b>subject</b>: <a href=\"#Patient_1c869329-6b5c-410d-a1f8-d51d0a049e9e\">See above (Patient/1c869329-6b5c-410d-a1f8-d51d0a049e9e)</a></p><blockquote><p><b>component</b></p><p><b>code</b>: White <span style=\"background: LightGoldenRodYellow; margin: 4px; border: 1px solid khaki\"> (<a href=\"https://build.fhir.org/ig/HL7/vrdr//CodeSystem-vrdr-component-cs.html\">Local Component Codes</a>#White)</span></p><p><b>value</b>: false</p></blockquote><blockquote><p><b>component</b></p><p><b>code</b>: Black Or African American <span style=\"background: LightGoldenRodYellow; margin: 4px; border: 1px solid khaki\"> (<a href=\"https://build.fhir.org/ig/HL7/vrdr//CodeSystem-vrdr-component-cs.html\">Local Component Codes</a>#BlackOrAfricanAmerican)</span></p><p><b>value</b>: false</p></blockquote><blockquote><p><b>component</b></p><p><b>code</b>: American Indian Or Alaskan Native <span style=\"background: LightGoldenRodYellow; margin: 4px; border: 1px solid khaki\"> (<a href=\"https://build.fhir.org/ig/HL7/vrdr//CodeSystem-vrdr-component-cs.html\">Local Component Codes</a>#AmericanIndianOrAlaskanNative)</span></p><p><b>value</b>: true</p></blockquote><blockquote><p><b>component</b></p><p><b>code</b>: Asian Indian <span style=\"background: LightGoldenRodYellow; margin: 4px; border: 1px solid khaki\"> (<a href=\"https://build.fhir.org/ig/HL7/vrdr//CodeSystem-vrdr-component-cs.html\">Local Component Codes</a>#AsianIndian)</span></p><p><b>value</b>: false</p></blockquote><blockquote><p><b>component</b></p><p><b>code</b>: Chinese <span style=\"background: LightGoldenRodYellow; margin: 4px; border: 1px solid khaki\"> (<a href=\"https://build.fhir.org/ig/HL7/vrdr//CodeSystem-vrdr-component-cs.html\">Local Component Codes</a>#Chinese)</span></p><p><b>value</b>: false</p></blockquote><blockquote><p><b>component</b></p><p><b>code</b>: Filipino <span style=\"background: LightGoldenRodYellow; margin: 4px; border: 1px solid khaki\"> (<a href=\"https://build.fhir.org/ig/HL7/vrdr//CodeSystem-vrdr-component-cs.html\">Local Component Codes</a>#Filipino)</span></p><p><b>value</b>: false</p></blockquote><blockquote><p><b>component</b></p><p><b>code</b>: Japanese <span style=\"background: LightGoldenRodYellow; margin: 4px; border: 1px solid khaki\"> (<a href=\"https://build.fhir.org/ig/HL7/vrdr//CodeSystem-vrdr-component-cs.html\">Local Component Codes</a>#Japanese)</span></p><p><b>value</b>: false</p></blockquote><blockquote><p><b>component</b></p><p><b>code</b>: Korean <span style=\"background: LightGoldenRodYellow; margin: 4px; border: 1px solid khaki\"> (<a href=\"https://build.fhir.org/ig/HL7/vrdr//CodeSystem-vrdr-component-cs.html\">Local Component Codes</a>#Korean)</span></p><p><b>value</b>: false</p></blockquote><blockquote><p><b>component</b></p><p><b>code</b>: Vietnamese <span style=\"background: LightGoldenRodYellow; margin: 4px; border: 1px solid khaki\"> (<a href=\"https://build.fhir.org/ig/HL7/vrdr//CodeSystem-vrdr-component-cs.html\">Local Component Codes</a>#Vietnamese)</span></p><p><b>value</b>: false</p></blockquote><blockquote><p><b>component</b></p><p><b>code</b>: Other Asian <span style=\"background: LightGoldenRodYellow; margin: 4px; border: 1px solid khaki\"> (<a href=\"https://build.fhir.org/ig/HL7/vrdr//CodeSystem-vrdr-component-cs.html\">Local Component Codes</a>#OtherAsian)</span></p><p><b>value</b>: false</p></blockquote><blockquote><p><b>component</b></p><p><b>code</b>: Native Hawaiian <span style=\"background: LightGoldenRodYellow; margin: 4px; border: 1px solid khaki\"> (<a href=\"https://build.fhir.org/ig/HL7/vrdr//CodeSystem-vrdr-component-cs.html\">Local Component Codes</a>#NativeHawaiian)</span></p><p><b>value</b>: false</p></blockquote><blockquote><p><b>component</b></p><p><b>code</b>: Guamanian Or Chamorro <span style=\"background: LightGoldenRodYellow; margin: 4px; border: 1px solid khaki\"> (<a href=\"https://build.fhir.org/ig/HL7/vrdr//CodeSystem-vrdr-component-cs.html\">Local Component Codes</a>#GuamanianOrChamorro)</span></p><p><b>value</b>: false</p></blockquote><blockquote><p><b>component</b></p><p><b>code</b>: Samoan <span style=\"background: LightGoldenRodYellow; margin: 4px; border: 1px solid khaki\"> (<a href=\"https://build.fhir.org/ig/HL7/vrdr//CodeSystem-vrdr-component-cs.html\">Local Component Codes</a>#Samoan)</span></p><p><b>value</b>: false</p></blockquote><blockquote><p><b>component</b></p><p><b>code</b>: Other Pacific Islander <span style=\"background: LightGoldenRodYellow; margin: 4px; border: 1px solid khaki\"> (<a href=\"https://build.fhir.org/ig/HL7/vrdr//CodeSystem-vrdr-component-cs.html\">Local Component Codes</a>#OtherPacificIslander)</span></p><p><b>value</b>: false</p></blockquote><blockquote><p><b>component</b></p><p><b>code</b>: Other Race <span style=\"background: LightGoldenRodYellow; margin: 4px; border: 1px solid khaki\"> (<a href=\"https://build.fhir.org/ig/HL7/vrdr//CodeSystem-vrdr-component-cs.html\">Local Component Codes</a>#OtherRace)</span></p><p><b>value</b>: false</p></blockquote><blockquote><p><b>component</b></p><p><b>code</b>: FirstAmericanIndianOrAlaskanNativeLiteral <span style=\"background: LightGoldenRodYellow; margin: 4px; border: 1px solid khaki\"> (<a href=\"https://build.fhir.org/ig/HL7/vrdr//CodeSystem-vrdr-component-cs.html\">Local Component Codes</a>#FirstAmericanIndianOrAlaskanNativeLiteral)</span></p><p><b>value</b>: Choctaw</p></blockquote><blockquote><p><b>component</b></p><p><b>code</b>: Hispanic Puerto Rican <span style=\"background: LightGoldenRodYellow; margin: 4px; border: 1px solid khaki\"> (<a href=\"https://build.fhir.org/ig/HL7/vrdr//CodeSystem-vrdr-component-cs.html\">Local Component Codes</a>#HispanicPuertoRican)</span></p><p><b>value</b>: No <span style=\"background: LightGoldenRodYellow; margin: 4px; border: 1px solid khaki\"> (<a href=\"http://hl7.org/fhir/R4/v2/0136/index.html\">v2 Y/N Indicator</a>#N)</span></p></blockquote><blockquote><p><b>component</b></p><p><b>code</b>: Hispanic Cuban <span style=\"background: LightGoldenRodYellow; margin: 4px; border: 1px solid khaki\"> (<a href=\"https://build.fhir.org/ig/HL7/vrdr//CodeSystem-vrdr-component-cs.html\">Local Component Codes</a>#HispanicCuban)</span></p><p><b>value</b>: No <span style=\"background: LightGoldenRodYellow; margin: 4px; border: 1px solid khaki\"> (<a href=\"http://hl7.org/fhir/R4/v2/0136/index.html\">v2 Y/N Indicator</a>#N)</span></p></blockquote><blockquote><p><b>component</b></p><p><b>code</b>: Hispanic Other <span style=\"background: LightGoldenRodYellow; margin: 4px; border: 1px solid khaki\"> (<a href=\"https://build.fhir.org/ig/HL7/vrdr//CodeSystem-vrdr-component-cs.html\">Local Component Codes</a>#HispanicOther)</span></p><p><b>value</b>: No <span style=\"background: LightGoldenRodYellow; margin: 4px; border: 1px solid khaki\"> (<a href=\"http://hl7.org/fhir/R4/v2/0136/index.html\">v2 Y/N Indicator</a>#N)</span></p></blockquote><blockquote><p><b>component</b></p><p><b>code</b>: Hispanic Mexican <span style=\"background: LightGoldenRodYellow; margin: 4px; border: 1px solid khaki\"> (<a href=\"https://build.fhir.org/ig/HL7/vrdr//CodeSystem-vrdr-component-cs.html\">Local Component Codes</a>#HispanicMexican)</span></p><p><b>value</b>: Yes <span style=\"background: LightGoldenRodYellow; margin: 4px; border: 1px solid khaki\"> (<a href=\"http://hl7.org/fhir/R4/v2/0136/index.html\">v2 Y/N Indicator</a>#Y)</span></p></blockquote></div>"
      },
      "status" : "final",
      "code" : {
        "coding" : [{
          "system" : "http://hl7.org/fhir/us/vrdr/CodeSystem/vrdr-observations-cs",
          "code" : "inputraceandethnicity",
          "display" : "Input Race and Ethnicity"
        }]
      },
      "subject" : {
        "reference" : "Patient/1c869329-6b5c-410d-a1f8-d51d0a049e9e"
      },
      "component" : [{
        "code" : {
          "coding" : [{
            "system" : "http://hl7.org/fhir/us/vrdr/CodeSystem/vrdr-component-cs",
            "code" : "White",
            "display" : "White"
          }]
        },
        "valueBoolean" : false
      },
      {
        "code" : {
          "coding" : [{
            "system" : "http://hl7.org/fhir/us/vrdr/CodeSystem/vrdr-component-cs",
            "code" : "BlackOrAfricanAmerican",
            "display" : "Black Or African American"
          }]
        },
        "valueBoolean" : false
      },
      {
        "code" : {
          "coding" : [{
            "system" : "http://hl7.org/fhir/us/vrdr/CodeSystem/vrdr-component-cs",
            "code" : "AmericanIndianOrAlaskanNative",
            "display" : "American Indian Or Alaskan Native"
          }]
        },
        "valueBoolean" : true
      },
      {
        "code" : {
          "coding" : [{
            "system" : "http://hl7.org/fhir/us/vrdr/CodeSystem/vrdr-component-cs",
            "code" : "AsianIndian",
            "display" : "Asian Indian"
          }]
        },
        "valueBoolean" : false
      },
      {
        "code" : {
          "coding" : [{
            "system" : "http://hl7.org/fhir/us/vrdr/CodeSystem/vrdr-component-cs",
            "code" : "Chinese",
            "display" : "Chinese"
          }]
        },
        "valueBoolean" : false
      },
      {
        "code" : {
          "coding" : [{
            "system" : "http://hl7.org/fhir/us/vrdr/CodeSystem/vrdr-component-cs",
            "code" : "Filipino",
            "display" : "Filipino"
          }]
        },
        "valueBoolean" : false
      },
      {
        "code" : {
          "coding" : [{
            "system" : "http://hl7.org/fhir/us/vrdr/CodeSystem/vrdr-component-cs",
            "code" : "Japanese",
            "display" : "Japanese"
          }]
        },
        "valueBoolean" : false
      },
      {
        "code" : {
          "coding" : [{
            "system" : "http://hl7.org/fhir/us/vrdr/CodeSystem/vrdr-component-cs",
            "code" : "Korean",
            "display" : "Korean"
          }]
        },
        "valueBoolean" : false
      },
      {
        "code" : {
          "coding" : [{
            "system" : "http://hl7.org/fhir/us/vrdr/CodeSystem/vrdr-component-cs",
            "code" : "Vietnamese",
            "display" : "Vietnamese"
          }]
        },
        "valueBoolean" : false
      },
      {
        "code" : {
          "coding" : [{
            "system" : "http://hl7.org/fhir/us/vrdr/CodeSystem/vrdr-component-cs",
            "code" : "OtherAsian",
            "display" : "Other Asian"
          }]
        },
        "valueBoolean" : false
      },
      {
        "code" : {
          "coding" : [{
            "system" : "http://hl7.org/fhir/us/vrdr/CodeSystem/vrdr-component-cs",
            "code" : "NativeHawaiian",
            "display" : "Native Hawaiian"
          }]
        },
        "valueBoolean" : false
      },
      {
        "code" : {
          "coding" : [{
            "system" : "http://hl7.org/fhir/us/vrdr/CodeSystem/vrdr-component-cs",
            "code" : "GuamanianOrChamorro",
            "display" : "Guamanian Or Chamorro"
          }]
        },
        "valueBoolean" : false
      },
      {
        "code" : {
          "coding" : [{
            "system" : "http://hl7.org/fhir/us/vrdr/CodeSystem/vrdr-component-cs",
            "code" : "Samoan",
            "display" : "Samoan"
          }]
        },
        "valueBoolean" : false
      },
      {
        "code" : {
          "coding" : [{
            "system" : "http://hl7.org/fhir/us/vrdr/CodeSystem/vrdr-component-cs",
            "code" : "OtherPacificIslander",
            "display" : "Other Pacific Islander"
          }]
        },
        "valueBoolean" : false
      },
      {
        "code" : {
          "coding" : [{
            "system" : "http://hl7.org/fhir/us/vrdr/CodeSystem/vrdr-component-cs",
            "code" : "OtherRace",
            "display" : "Other Race"
          }]
        },
        "valueBoolean" : false
      },
      {
        "code" : {
          "coding" : [{
            "system" : "http://hl7.org/fhir/us/vrdr/CodeSystem/vrdr-component-cs",
            "code" : "FirstAmericanIndianOrAlaskanNativeLiteral",
            "display" : "FirstAmericanIndianOrAlaskanNativeLiteral"
          }]
        },
        "valueString" : "Choctaw"
      },
      {
        "code" : {
          "coding" : [{
            "system" : "http://hl7.org/fhir/us/vrdr/CodeSystem/vrdr-component-cs",
            "code" : "HispanicPuertoRican",
            "display" : "Hispanic Puerto Rican"
          }]
        },
        "valueCodeableConcept" : {
          "coding" : [{
            "system" : "http://terminology.hl7.org/CodeSystem/v2-0136",
            "code" : "N",
            "display" : "No"
          }]
        }
      },
      {
        "code" : {
          "coding" : [{
            "system" : "http://hl7.org/fhir/us/vrdr/CodeSystem/vrdr-component-cs",
            "code" : "HispanicCuban",
            "display" : "Hispanic Cuban"
          }]
        },
        "valueCodeableConcept" : {
          "coding" : [{
            "system" : "http://terminology.hl7.org/CodeSystem/v2-0136",
            "code" : "N",
            "display" : "No"
          }]
        }
      },
      {
        "code" : {
          "coding" : [{
            "system" : "http://hl7.org/fhir/us/vrdr/CodeSystem/vrdr-component-cs",
            "code" : "HispanicOther",
            "display" : "Hispanic Other"
          }]
        },
        "valueCodeableConcept" : {
          "coding" : [{
            "system" : "http://terminology.hl7.org/CodeSystem/v2-0136",
            "code" : "N",
            "display" : "No"
          }]
        }
      },
      {
        "code" : {
          "coding" : [{
            "system" : "http://hl7.org/fhir/us/vrdr/CodeSystem/vrdr-component-cs",
            "code" : "HispanicMexican",
            "display" : "Hispanic Mexican"
          }]
        },
        "valueCodeableConcept" : {
          "coding" : [{
            "system" : "http://terminology.hl7.org/CodeSystem/v2-0136",
            "code" : "Y",
            "display" : "Yes"
          }]
        }
      }]
    }
  }]
}