{
  "resourceType" : "Bundle",
  "id" : "f2c98fbf-cc8d-4416-ad85-e240bb32079a",
  "meta" : {
    "versionId" : "1",
    "lastUpdated" : "2023-12-28T15:14:45.0482474+00:00",
    "source" : "EDRS-IJE:Bundle/f2c98fbf-cc8d-4416-ad85-e240bb32079a",
    "profile" : ["http://hl7.org/fhir/us/vrdr/StructureDefinition/vrdr-death-certificate-document"]
  },
  "identifier" : {
    "extension" : [{
      "url" : "http://hl7.org/fhir/us/vrdr/StructureDefinition/CertificateNumber",
      "valueString" : "240010"
    }],
    "system" : "http://nchs.cdc.gov/vrdr_id",
    "value" : "2023VT240010"
  },
  "type" : "document",
  "timestamp" : "2023-12-28T10:14:44.9001481-05:00",
  "entry" : [{
    "fullUrl" : "urn:uuid:e4c9d655-d8e0-4b60-b2a5-3222b1c14105",
    "resource" : {
      "resourceType" : "Composition",
      "id" : "e4c9d655-d8e0-4b60-b2a5-3222b1c14105",
      "meta" : {
        "versionId" : "1",
        "lastUpdated" : "2023-12-28T15:14:45.0371531+00:00",
        "source" : "EDRS-IJE:Bundle/f2c98fbf-cc8d-4416-ad85-e240bb32079a",
        "profile" : ["http://hl7.org/fhir/us/vrdr/StructureDefinition/vrdr-death-certificate"]
      },
      "text" : {
        "status" : "generated",
        "div" : "<div xmlns=\"http://www.w3.org/1999/xhtml\"><p><b>Generated Narrative: Composition</b><a name=\"e4c9d655-d8e0-4b60-b2a5-3222b1c14105\"> </a></p><div style=\"display: inline-block; background-color: #d9e0e7; padding: 6px; margin: 4px; border: 1px solid #8da1b4; border-radius: 5px; line-height: 60%\"><p style=\"margin-bottom: 0px\">Resource Composition &quot;e4c9d655-d8e0-4b60-b2a5-3222b1c14105&quot; Version &quot;1&quot; Updated &quot;2023-12-28 15:14:45+0000&quot; </p><p style=\"margin-bottom: 0px\">Information Source: EDRS-IJE:Bundle/f2c98fbf-cc8d-4416-ad85-e240bb32079a!</p><p style=\"margin-bottom: 0px\">Profile: <a href=\"https://build.fhir.org/ig/HL7/vrdr//StructureDefinition-vrdr-death-certificate.html\">Death Certificate</a></p></div><p><b>status</b>: final</p><p><b>type</b>: Death certificate <span style=\"background: LightGoldenRodYellow; margin: 4px; border: 1px solid khaki\"> (<a href=\"https://loinc.org/\">LOINC</a>#64297-5)</span></p><p><b>date</b>: 2023-12-28 15:14:45+0000</p><p><b>author</b>: <a href=\"#Practitioner_01628624-5077-4f13-85e3-06d69d81d051\">See above (urn:uuid:01628624-5077-4f13-85e3-06d69d81d051)</a></p><p><b>title</b>: Death Certificate</p><h3>Attesters</h3><table class=\"grid\"><tr><td style=\"display: none\">-</td><td><b>Mode</b></td><td><b>Party</b></td></tr><tr><td style=\"display: none\">*</td><td>legal</td><td><a href=\"#Practitioner_01628624-5077-4f13-85e3-06d69d81d051\">See above (urn:uuid:01628624-5077-4f13-85e3-06d69d81d051)</a></td></tr></table><h3>Events</h3><table class=\"grid\"><tr><td style=\"display: none\">-</td><td><b>Code</b></td><td><b>Detail</b></td></tr><tr><td style=\"display: none\">*</td><td>Diagnostic procedure (procedure) <span style=\"background: LightGoldenRodYellow; margin: 4px; border: 1px solid khaki\"> (<a href=\"https://browser.ihtsdotools.org/\">SNOMED CT</a>#103693007)</span></td><td><a href=\"#Procedure_1ad6593a-536b-43ff-9598-6131ebcdef90\">See above (urn:uuid:1ad6593a-536b-43ff-9598-6131ebcdef90)</a></td></tr></table></div>"
      },
      "status" : "final",
      "type" : {
        "coding" : [{
          "system" : "http://loinc.org",
          "code" : "64297-5",
          "display" : "Death certificate"
        }]
      },
      "subject" : {
        "reference" : "Patient/8f831c6d-9ade-4223-aaf4-c9c2bd1b9b59"
      },
      "date" : "2023-12-28T15:14:45+00:00",
      "author" : [{
        "reference" : "urn:uuid:01628624-5077-4f13-85e3-06d69d81d051"
      }],
      "title" : "Death Certificate",
      "attester" : [{
        "mode" : "legal",
        "party" : {
          "reference" : "urn:uuid:01628624-5077-4f13-85e3-06d69d81d051"
        }
      }],
      "event" : [{
        "code" : [{
          "coding" : [{
            "system" : "http://snomed.info/sct",
            "code" : "103693007",
            "display" : "Diagnostic procedure (procedure)"
          }]
        }],
        "detail" : [{
          "reference" : "urn:uuid:1ad6593a-536b-43ff-9598-6131ebcdef90"
        }]
      }],
      "section" : [{
        "code" : {
          "coding" : [{
            "system" : "http://hl7.org/fhir/us/vrdr/CodeSystem/vrdr-document-section-cs",
            "code" : "DecedentDemographics"
          }]
        },
        "entry" : [{
          "reference" : "urn:uuid:8f831c6d-9ade-4223-aaf4-c9c2bd1b9b59"
        },
        {
          "reference" : "urn:uuid:ebc4a7f0-6379-481b-a5f7-f2848eed7a29"
        },
        {
          "reference" : "urn:uuid:8f2563a4-5d03-48a9-9f9f-04039022c6fa"
        },
        {
          "reference" : "urn:uuid:f10fb2b6-685d-405b-8db6-69633124bc21"
        },
        {
          "reference" : "urn:uuid:7cb8d93e-5bb5-4923-9c21-aafbc17abf3a"
        },
        {
          "reference" : "urn:uuid:a42833e0-5bdc-4a16-9d61-daeb7b0b36d7"
        },
        {
          "reference" : "urn:uuid:1196b24f-0634-4cec-98ea-0ada906d8eaf"
        },
        {
          "reference" : "urn:uuid:1c60f35f-7472-433f-8e92-1d2270f1c5df"
        },
        {
          "reference" : "urn:uuid:5a6697b3-9d8e-433c-a745-0e7c81df83c6"
        },
        {
          "reference" : "urn:uuid:09727a9d-d95a-48a7-a3b9-86d08857786f"
        }]
      },
      {
        "code" : {
          "coding" : [{
            "system" : "http://hl7.org/fhir/us/vrdr/CodeSystem/vrdr-document-section-cs",
            "code" : "DeathCertification"
          }]
        },
        "entry" : [{
          "reference" : "urn:uuid:01628624-5077-4f13-85e3-06d69d81d051"
        },
        {
          "reference" : "urn:uuid:1ad6593a-536b-43ff-9598-6131ebcdef90"
        },
        {
          "reference" : "urn:uuid:8b91e2a0-b1f6-4079-82cb-c47e25123c6b"
        }]
      },
      {
        "code" : {
          "coding" : [{
            "system" : "http://hl7.org/fhir/us/vrdr/CodeSystem/vrdr-document-section-cs",
            "code" : "DeathInvestigation"
          }]
        },
        "entry" : [{
          "reference" : "urn:uuid:a1803f68-84d4-41bf-ba80-fc3cd1e82225"
        },
        {
          "reference" : "urn:uuid:10f7dd7e-31d7-41a3-9a6d-f9f53a9ee4e8"
        },
        {
          "reference" : "urn:uuid:2c13bc52-3172-45be-8515-b96dda774b24"
        },
        {
          "reference" : "urn:uuid:e3eb6b2b-98b7-4236-952d-581748606050"
        },
        {
          "reference" : "urn:uuid:bad65872-28f8-4e82-b517-09886c610e15"
        }]
      },
      {
        "code" : {
          "coding" : [{
            "system" : "http://hl7.org/fhir/us/vrdr/CodeSystem/vrdr-document-section-cs",
            "code" : "DecedentDisposition"
          }]
        },
        "entry" : [{
          "reference" : "urn:uuid:b8435781-6b89-4400-8c07-334de263e6d9"
        }]
      }]
    }
  },
  {
    "fullUrl" : "urn:uuid:8f831c6d-9ade-4223-aaf4-c9c2bd1b9b59",
    "resource" : {
      "resourceType" : "Patient",
      "id" : "8f831c6d-9ade-4223-aaf4-c9c2bd1b9b59",
      "meta" : {
        "versionId" : "1",
        "lastUpdated" : "2023-12-28T15:14:45.03717+00:00",
        "source" : "EDRS-IJE:Bundle/f2c98fbf-cc8d-4416-ad85-e240bb32079a",
        "profile" : ["http://hl7.org/fhir/us/vrdr/StructureDefinition/vrdr-decedent"]
      },
      "text" : {
        "status" : "extensions",
        "div" : "<div xmlns=\"http://www.w3.org/1999/xhtml\"><p><b>Generated Narrative: Patient</b><a name=\"8f831c6d-9ade-4223-aaf4-c9c2bd1b9b59\"> </a></p><div style=\"display: inline-block; background-color: #d9e0e7; padding: 6px; margin: 4px; border: 1px solid #8da1b4; border-radius: 5px; line-height: 60%\"><p style=\"margin-bottom: 0px\">Resource Patient &quot;8f831c6d-9ade-4223-aaf4-c9c2bd1b9b59&quot; Version &quot;1&quot; Updated &quot;2023-12-28 15:14:45+0000&quot; </p><p style=\"margin-bottom: 0px\">Information Source: EDRS-IJE:Bundle/f2c98fbf-cc8d-4416-ad85-e240bb32079a!</p><p style=\"margin-bottom: 0px\">Profile: <a href=\"https://build.fhir.org/ig/HL7/vrdr//StructureDefinition-vrdr-decedent.html\">Decedent</a></p></div><p><b>NVSS SexAtDeath</b>: Male <span style=\"background: LightGoldenRodYellow; margin: 4px; border: 1px solid khaki\"> (<a href=\"http://hl7.org/fhir/R4/codesystem-administrative-gender.html\">AdministrativeGender</a>#male)</span></p><p><b>Birth Place</b>: VT US </p><p><b>Spouse Is Alive</b>: Yes <span style=\"background: LightGoldenRodYellow; margin: 4px; border: 1px solid khaki\"> (<a href=\"http://hl7.org/fhir/R4/v2/0136/index.html\">v2 Y/N Indicator</a>#Y)</span></p><p><b>identifier</b>: Social Beneficiary Identifier:\u00a0<a href=\"http://terminology.hl7.org/3.1.0/NamingSystem-ssn.html\">#</a>123121234</p><p><b>name</b>: John Smith (OFFICIAL)</p><p><b>gender</b>: unknown</p><p><b>birthDate</b>: ??</p><p><b>address</b>: 1829  Main St Chico CA US </p><p><b>maritalStatus</b>: Married <span style=\"background: LightGoldenRodYellow; margin: 4px; border: 1px solid khaki\"> (<a href=\"http://terminology.hl7.org/3.1.0/CodeSystem-v3-MaritalStatus.html\">MaritalStatus</a>#M)</span></p></div>"
      },
      "extension" : [{
        "url" : "http://hl7.org/fhir/us/vrdr/StructureDefinition/NVSS-SexAtDeath",
        "valueCodeableConcept" : {
          "coding" : [{
            "system" : "http://hl7.org/fhir/administrative-gender",
            "code" : "male",
            "display" : "Male"
          }]
        }
      },
      {
        "url" : "http://hl7.org/fhir/StructureDefinition/patient-birthPlace",
        "valueAddress" : {
          "state" : "VT",
          "_state" : {
            "extension" : [{
              "url" : "http://hl7.org/fhir/us/vrdr/StructureDefinition/Location-Jurisdiction-Id",
              "valueString" : "VT"
            }]
          },
          "country" : "US"
        }
      },
      {
        "url" : "http://hl7.org/fhir/us/vrdr/StructureDefinition/SpouseAlive",
        "valueCodeableConcept" : {
          "coding" : [{
            "system" : "http://terminology.hl7.org/CodeSystem/v2-0136",
            "code" : "Y",
            "display" : "Yes"
          }]
        }
      }],
      "identifier" : [{
        "type" : {
          "coding" : [{
            "system" : "http://terminology.hl7.org/CodeSystem/v2-0203",
            "code" : "SB",
            "display" : "Social Beneficiary Identifier"
          }]
        },
        "system" : "http://hl7.org/fhir/sid/us-ssn",
        "value" : "123121234"
      }],
      "name" : [{
        "use" : "official",
        "family" : "Smith",
        "given" : ["John"],
        "suffix" : ["Jr"]
      }],
      "gender" : "unknown",
      "_birthDate" : {
        "extension" : [{
          "extension" : [{
            "url" : "http://hl7.org/fhir/us/vrdr/StructureDefinition/Date-Year",
            "valueUnsignedInt" : 2022
          },
          {
            "url" : "http://hl7.org/fhir/us/vrdr/StructureDefinition/Date-Month",
            "valueUnsignedInt" : 1
          },
          {
            "url" : "http://hl7.org/fhir/us/vrdr/StructureDefinition/Date-Day",
            "valueUnsignedInt" : 1
          }],
          "url" : "http://hl7.org/fhir/us/vrdr/StructureDefinition/PartialDate"
        }]
      },
      "address" : [{
        "extension" : [{
          "url" : "http://hl7.org/fhir/us/vrdr/StructureDefinition/WithinCityLimitsIndicator",
          "valueCoding" : {
            "system" : "http://terminology.hl7.org/CodeSystem/v3-NullFlavor",
            "code" : "UNK",
            "display" : "unknown"
          }
        }],
        "line" : ["1829  Main St"],
        "city" : "Chico",
        "_city" : {
          "extension" : [{
            "url" : "http://hl7.org/fhir/us/vrdr/StructureDefinition/CityCode",
            "valuePositiveInt" : 13014
          }]
        },
        "district" : "Orange",
        "_district" : {
          "extension" : [{
            "url" : "http://hl7.org/fhir/us/vrdr/StructureDefinition/DistrictCode",
            "valuePositiveInt" : 50017
          }]
        },
        "state" : "CA",
        "country" : "US"
      }],
      "maritalStatus" : {
        "extension" : [{
          "url" : "http://hl7.org/fhir/us/vrdr/StructureDefinition/BypassEditFlag",
          "valueCodeableConcept" : {
            "coding" : [{
              "system" : "http://hl7.org/fhir/us/vrdr/CodeSystem/vrdr-bypass-edit-flag-cs",
              "code" : "0",
              "display" : "Edit Passed"
            }]
          }
        }],
        "coding" : [{
          "system" : "http://terminology.hl7.org/CodeSystem/v3-MaritalStatus",
          "code" : "M",
          "display" : "Married"
        }]
      }
    }
  },
  {
    "fullUrl" : "urn:uuid:01628624-5077-4f13-85e3-06d69d81d051",
    "resource" : {
      "resourceType" : "Practitioner",
      "id" : "01628624-5077-4f13-85e3-06d69d81d051",
      "meta" : {
        "versionId" : "1",
        "profile" : ["http://hl7.org/fhir/us/vrdr/StructureDefinition/vrdr-certifier"]
      },
      "text" : {
        "status" : "generated",
        "div" : "<div xmlns=\"http://www.w3.org/1999/xhtml\"><p><b>Generated Narrative: Practitioner</b><a name=\"01628624-5077-4f13-85e3-06d69d81d051\"> </a></p><div style=\"display: inline-block; background-color: #d9e0e7; padding: 6px; margin: 4px; border: 1px solid #8da1b4; border-radius: 5px; line-height: 60%\"><p style=\"margin-bottom: 0px\">Resource Practitioner &quot;01628624-5077-4f13-85e3-06d69d81d051&quot; Version &quot;1&quot; </p><p style=\"margin-bottom: 0px\">Profile: <a href=\"https://build.fhir.org/ig/HL7/vrdr//StructureDefinition-vrdr-certifier.html\">Certifier</a></p></div></div>"
      }
    }
  },
  {
    "fullUrl" : "urn:uuid:1ad6593a-536b-43ff-9598-6131ebcdef90",
    "resource" : {
      "resourceType" : "Procedure",
      "id" : "1ad6593a-536b-43ff-9598-6131ebcdef90",
      "meta" : {
        "versionId" : "1",
        "profile" : ["http://hl7.org/fhir/us/vrdr/StructureDefinition/vrdr-death-certification"]
      },
      "text" : {
        "status" : "generated",
        "div" : "<div xmlns=\"http://www.w3.org/1999/xhtml\"><p><b>Generated Narrative: Procedure</b><a name=\"1ad6593a-536b-43ff-9598-6131ebcdef90\"> </a></p><div style=\"display: inline-block; background-color: #d9e0e7; padding: 6px; margin: 4px; border: 1px solid #8da1b4; border-radius: 5px; line-height: 60%\"><p style=\"margin-bottom: 0px\">Resource Procedure &quot;1ad6593a-536b-43ff-9598-6131ebcdef90&quot; Version &quot;1&quot; </p><p style=\"margin-bottom: 0px\">Profile: <a href=\"https://build.fhir.org/ig/HL7/vrdr//StructureDefinition-vrdr-death-certification.html\">Death Certification Procedure</a></p></div><p><b>status</b>: completed</p><p><b>category</b>: Diagnostic procedure <span style=\"background: LightGoldenRodYellow; margin: 4px; border: 1px solid khaki\"> (<a href=\"https://browser.ihtsdotools.org/\">SNOMED CT</a>#103693007)</span></p><p><b>code</b>: Death certification <span style=\"background: LightGoldenRodYellow; margin: 4px; border: 1px solid khaki\"> (<a href=\"https://browser.ihtsdotools.org/\">SNOMED CT</a>#308646001)</span></p><p><b>subject</b>: <a href=\"#Patient_8f831c6d-9ade-4223-aaf4-c9c2bd1b9b59\">See above (Patient/8f831c6d-9ade-4223-aaf4-c9c2bd1b9b59)</a></p></div>"
      },
      "status" : "completed",
      "category" : {
        "coding" : [{
          "system" : "http://snomed.info/sct",
          "code" : "103693007",
          "display" : "Diagnostic procedure"
        }]
      },
      "code" : {
        "coding" : [{
          "system" : "http://snomed.info/sct",
          "code" : "308646001",
          "display" : "Death certification"
        }]
      },
      "subject" : {
        "reference" : "Patient/8f831c6d-9ade-4223-aaf4-c9c2bd1b9b59"
      }
    }
  },
  {
    "fullUrl" : "urn:uuid:a1803f68-84d4-41bf-ba80-fc3cd1e82225",
    "resource" : {
      "resourceType" : "Observation",
      "id" : "a1803f68-84d4-41bf-ba80-fc3cd1e82225",
      "meta" : {
        "versionId" : "1",
        "lastUpdated" : "2023-12-28T15:14:45.0406374+00:00",
        "source" : "EDRS-IJE:Bundle/f2c98fbf-cc8d-4416-ad85-e240bb32079a",
        "profile" : ["http://hl7.org/fhir/us/vrdr/StructureDefinition/vrdr-death-date"]
      },
      "text" : {
        "status" : "generated",
        "div" : "<div xmlns=\"http://www.w3.org/1999/xhtml\"><p><b>Generated Narrative: Observation</b><a name=\"a1803f68-84d4-41bf-ba80-fc3cd1e82225\"> </a></p><div style=\"display: inline-block; background-color: #d9e0e7; padding: 6px; margin: 4px; border: 1px solid #8da1b4; border-radius: 5px; line-height: 60%\"><p style=\"margin-bottom: 0px\">Resource Observation &quot;a1803f68-84d4-41bf-ba80-fc3cd1e82225&quot; Version &quot;1&quot; Updated &quot;2023-12-28 15:14:45+0000&quot; </p><p style=\"margin-bottom: 0px\">Information Source: EDRS-IJE:Bundle/f2c98fbf-cc8d-4416-ad85-e240bb32079a!</p><p style=\"margin-bottom: 0px\">Profile: <a href=\"https://build.fhir.org/ig/HL7/vrdr//StructureDefinition-vrdr-death-date.html\">Death Date</a></p></div><p><b>status</b>: final</p><p><b>code</b>: Date+time of death <span style=\"background: LightGoldenRodYellow; margin: 4px; border: 1px solid khaki\"> (<a href=\"https://loinc.org/\">LOINC</a>#81956-5)</span></p><p><b>subject</b>: <a href=\"#Patient_8f831c6d-9ade-4223-aaf4-c9c2bd1b9b59\">See above (Patient/8f831c6d-9ade-4223-aaf4-c9c2bd1b9b59)</a></p><p><b>value</b>: ??</p><h3>Components</h3><table class=\"grid\"><tr><td style=\"display: none\">-</td><td><b>Code</b></td><td><b>Value[x]</b></td></tr><tr><td style=\"display: none\">*</td><td>Location of death <span style=\"background: LightGoldenRodYellow; margin: 4px; border: 1px solid khaki\"> (<a href=\"https://loinc.org/\">LOINC</a>#58332-8)</span></td><td>Dead on arrival at hospital <span style=\"background: LightGoldenRodYellow; margin: 4px; border: 1px solid khaki\"> (<a href=\"https://browser.ihtsdotools.org/\">SNOMED CT</a>#63238001)</span></td></tr></table></div>"
      },
      "status" : "final",
      "code" : {
        "coding" : [{
          "system" : "http://loinc.org",
          "code" : "81956-5",
          "display" : "Date+time of death"
        }]
      },
      "subject" : {
        "reference" : "Patient/8f831c6d-9ade-4223-aaf4-c9c2bd1b9b59"
      },
      "_valueDateTime" : {
        "extension" : [{
          "extension" : [{
            "url" : "http://hl7.org/fhir/us/vrdr/StructureDefinition/Date-Year",
            "valueUnsignedInt" : 2023
          },
          {
            "url" : "http://hl7.org/fhir/us/vrdr/StructureDefinition/Date-Month",
            "valueUnsignedInt" : 3
          },
          {
            "url" : "http://hl7.org/fhir/us/vrdr/StructureDefinition/Date-Day",
            "valueUnsignedInt" : 16
          },
          {
            "url" : "http://hl7.org/fhir/us/vrdr/StructureDefinition/Date-Time",
            "valueTime" : "10:40:00"
          }],
          "url" : "http://hl7.org/fhir/us/vrdr/StructureDefinition/PartialDateTime"
        }]
      },
      "component" : [{
        "code" : {
          "coding" : [{
            "system" : "http://loinc.org",
            "code" : "58332-8",
            "display" : "Location of death"
          }]
        },
        "valueCodeableConcept" : {
          "coding" : [{
            "system" : "http://snomed.info/sct",
            "code" : "63238001",
            "display" : "Dead on arrival at hospital"
          }]
        }
      }]
    }
  },
  {
    "fullUrl" : "urn:uuid:10f7dd7e-31d7-41a3-9a6d-f9f53a9ee4e8",
    "resource" : {
      "resourceType" : "Location",
      "id" : "10f7dd7e-31d7-41a3-9a6d-f9f53a9ee4e8",
      "meta" : {
        "versionId" : "1",
        "lastUpdated" : "2023-12-28T15:14:45.040646+00:00",
        "source" : "EDRS-IJE:Bundle/f2c98fbf-cc8d-4416-ad85-e240bb32079a",
        "profile" : ["http://hl7.org/fhir/us/vrdr/StructureDefinition/vrdr-death-location"]
      },
      "text" : {
        "status" : "generated",
        "div" : "<div xmlns=\"http://www.w3.org/1999/xhtml\"><p><b>Generated Narrative: Location</b><a name=\"10f7dd7e-31d7-41a3-9a6d-f9f53a9ee4e8\"> </a></p><div style=\"display: inline-block; background-color: #d9e0e7; padding: 6px; margin: 4px; border: 1px solid #8da1b4; border-radius: 5px; line-height: 60%\"><p style=\"margin-bottom: 0px\">Resource Location &quot;10f7dd7e-31d7-41a3-9a6d-f9f53a9ee4e8&quot; Version &quot;1&quot; Updated &quot;2023-12-28 15:14:45+0000&quot; </p><p style=\"margin-bottom: 0px\">Information Source: EDRS-IJE:Bundle/f2c98fbf-cc8d-4416-ad85-e240bb32079a!</p><p style=\"margin-bottom: 0px\">Profile: <a href=\"https://build.fhir.org/ig/HL7/vrdr//StructureDefinition-vrdr-death-location.html\">Death Location</a></p></div><p><b>name</b>: BLANK</p><p><b>type</b>: death location <span style=\"background: LightGoldenRodYellow; margin: 4px; border: 1px solid khaki\"> (<a href=\"https://build.fhir.org/ig/HL7/vrdr//CodeSystem-vrdr-location-type-cs.html\">Location Type Code System</a>#death)</span></p><p><b>address</b>: VT US </p></div>"
      },
      "name" : "BLANK",
      "type" : [{
        "coding" : [{
          "system" : "http://hl7.org/fhir/us/vrdr/CodeSystem/vrdr-location-type-cs",
          "code" : "death",
          "display" : "death location"
        }]
      }],
      "address" : {
        "_district" : {
          "extension" : [{
            "url" : "http://hl7.org/fhir/us/vrdr/StructureDefinition/DistrictCode",
            "valuePositiveInt" : 50017
          }]
        },
        "state" : "VT",
        "_state" : {
          "extension" : [{
            "url" : "http://hl7.org/fhir/us/vrdr/StructureDefinition/Location-Jurisdiction-Id",
            "valueString" : "VT"
          }]
        },
        "country" : "US"
      }
    }
  },
  {
    "fullUrl" : "urn:uuid:ebc4a7f0-6379-481b-a5f7-f2848eed7a29",
    "resource" : {
      "resourceType" : "Observation",
      "id" : "ebc4a7f0-6379-481b-a5f7-f2848eed7a29",
      "meta" : {
        "versionId" : "1",
        "lastUpdated" : "2023-12-28T15:14:45.0406496+00:00",
        "source" : "EDRS-IJE:Bundle/f2c98fbf-cc8d-4416-ad85-e240bb32079a",
        "profile" : ["http://hl7.org/fhir/us/vrdr/StructureDefinition/vrdr-decedent-age"]
      },
      "text" : {
        "status" : "generated",
        "div" : "<div xmlns=\"http://www.w3.org/1999/xhtml\"><p><b>Generated Narrative: Observation</b><a name=\"ebc4a7f0-6379-481b-a5f7-f2848eed7a29\"> </a></p><div style=\"display: inline-block; background-color: #d9e0e7; padding: 6px; margin: 4px; border: 1px solid #8da1b4; border-radius: 5px; line-height: 60%\"><p style=\"margin-bottom: 0px\">Resource Observation &quot;ebc4a7f0-6379-481b-a5f7-f2848eed7a29&quot; Version &quot;1&quot; Updated &quot;2023-12-28 15:14:45+0000&quot; </p><p style=\"margin-bottom: 0px\">Information Source: EDRS-IJE:Bundle/f2c98fbf-cc8d-4416-ad85-e240bb32079a!</p><p style=\"margin-bottom: 0px\">Profile: <a href=\"https://build.fhir.org/ig/HL7/vrdr//StructureDefinition-vrdr-decedent-age.html\">Decedent Age</a></p></div><p><b>status</b>: final</p><p><b>code</b>: Age at death <span style=\"background: LightGoldenRodYellow; margin: 4px; border: 1px solid khaki\"> (<a href=\"https://loinc.org/\">LOINC</a>#39016-1)</span></p><p><b>subject</b>: <a href=\"#Patient_8f831c6d-9ade-4223-aaf4-c9c2bd1b9b59\">See above (Patient/8f831c6d-9ade-4223-aaf4-c9c2bd1b9b59)</a></p><p><b>value</b>: 1 Years<span style=\"background: LightGoldenRodYellow\"> (Details: UCUM code a = 'a')</span></p></div>"
      },
      "status" : "final",
      "code" : {
        "coding" : [{
          "system" : "http://loinc.org",
          "code" : "39016-1",
          "display" : "Age at death"
        }]
      },
      "subject" : {
        "reference" : "Patient/8f831c6d-9ade-4223-aaf4-c9c2bd1b9b59"
      },
      "valueQuantity" : {
        "extension" : [{
          "url" : "http://hl7.org/fhir/us/vrdr/StructureDefinition/BypassEditFlag",
          "valueCodeableConcept" : {
            "coding" : [{
              "system" : "http://hl7.org/fhir/us/vrdr/CodeSystem/vrdr-bypass-edit-flag-cs",
              "code" : "0",
              "display" : "Edit Passed"
            }]
          }
        }],
        "value" : 1,
        "unit" : "Years",
        "system" : "http://unitsofmeasure.org",
        "code" : "a"
      }
    }
  },
  {
    "fullUrl" : "urn:uuid:8f2563a4-5d03-48a9-9f9f-04039022c6fa",
    "resource" : {
      "resourceType" : "Observation",
      "id" : "8f2563a4-5d03-48a9-9f9f-04039022c6fa",
      "meta" : {
        "versionId" : "1",
        "lastUpdated" : "2023-12-28T15:14:45.0406532+00:00",
        "source" : "EDRS-IJE:Bundle/f2c98fbf-cc8d-4416-ad85-e240bb32079a",
        "profile" : ["http://hl7.org/fhir/us/vrdr/StructureDefinition/vrdr-decedent-education-level"]
      },
      "text" : {
        "status" : "generated",
        "div" : "<div xmlns=\"http://www.w3.org/1999/xhtml\"><p><b>Generated Narrative: Observation</b><a name=\"8f2563a4-5d03-48a9-9f9f-04039022c6fa\"> </a></p><div style=\"display: inline-block; background-color: #d9e0e7; padding: 6px; margin: 4px; border: 1px solid #8da1b4; border-radius: 5px; line-height: 60%\"><p style=\"margin-bottom: 0px\">Resource Observation &quot;8f2563a4-5d03-48a9-9f9f-04039022c6fa&quot; Version &quot;1&quot; Updated &quot;2023-12-28 15:14:45+0000&quot; </p><p style=\"margin-bottom: 0px\">Information Source: EDRS-IJE:Bundle/f2c98fbf-cc8d-4416-ad85-e240bb32079a!</p><p style=\"margin-bottom: 0px\">Profile: <a href=\"https://build.fhir.org/ig/HL7/vrdr//StructureDefinition-vrdr-decedent-education-level.html\">Decedent Education Level</a></p></div><p><b>status</b>: final</p><p><b>code</b>: Highest level of education [US Standard Certificate of Death] <span style=\"background: LightGoldenRodYellow; margin: 4px; border: 1px solid khaki\"> (<a href=\"https://loinc.org/\">LOINC</a>#80913-7)</span></p><p><b>subject</b>: <a href=\"#Patient_8f831c6d-9ade-4223-aaf4-c9c2bd1b9b59\">See above (Patient/8f831c6d-9ade-4223-aaf4-c9c2bd1b9b59)</a></p><p><b>value</b>: Some College education <span style=\"background: LightGoldenRodYellow; margin: 4px; border: 1px solid khaki\"> (<a href=\"http://terminology.hl7.org/3.1.0/CodeSystem-v3-EducationLevel.html\">Education Level</a>#SCOL)</span></p></div>"
      },
      "status" : "final",
      "code" : {
        "coding" : [{
          "system" : "http://loinc.org",
          "code" : "80913-7",
          "display" : "Highest level of education [US Standard Certificate of Death]"
        }]
      },
      "subject" : {
        "reference" : "Patient/8f831c6d-9ade-4223-aaf4-c9c2bd1b9b59"
      },
      "valueCodeableConcept" : {
        "extension" : [{
          "url" : "http://hl7.org/fhir/us/vrdr/StructureDefinition/BypassEditFlag",
          "valueCodeableConcept" : {
            "coding" : [{
              "system" : "http://hl7.org/fhir/us/vrdr/CodeSystem/vrdr-bypass-edit-flag-cs",
              "code" : "0",
              "display" : "Edit Passed"
            }]
          }
        }],
        "coding" : [{
          "system" : "http://terminology.hl7.org/CodeSystem/v3-EducationLevel",
          "code" : "SCOL",
          "display" : "Some College education"
        }]
      }
    }
  },
  {
    "fullUrl" : "urn:uuid:f10fb2b6-685d-405b-8db6-69633124bc21",
    "resource" : {
      "resourceType" : "Observation",
      "id" : "f10fb2b6-685d-405b-8db6-69633124bc21",
      "meta" : {
        "versionId" : "1",
        "profile" : ["http://hl7.org/fhir/us/vrdr/StructureDefinition/vrdr-decedent-usual-work"]
      },
      "text" : {
        "status" : "generated",
        "div" : "<div xmlns=\"http://www.w3.org/1999/xhtml\"><p><b>Generated Narrative: Observation</b><a name=\"f10fb2b6-685d-405b-8db6-69633124bc21\"> </a></p><div style=\"display: inline-block; background-color: #d9e0e7; padding: 6px; margin: 4px; border: 1px solid #8da1b4; border-radius: 5px; line-height: 60%\"><p style=\"margin-bottom: 0px\">Resource Observation &quot;f10fb2b6-685d-405b-8db6-69633124bc21&quot; Version &quot;1&quot; </p><p style=\"margin-bottom: 0px\">Profile: <a href=\"https://build.fhir.org/ig/HL7/vrdr//StructureDefinition-vrdr-decedent-usual-work.html\">Decedent Usual Work</a></p></div><p><b>status</b>: final</p><p><b>category</b>: Social History <span style=\"background: LightGoldenRodYellow; margin: 4px; border: 1px solid khaki\"> (<a href=\"http://terminology.hl7.org/3.1.0/CodeSystem-observation-category.html\">Observation Category Codes</a>#social-history)</span></p><p><b>code</b>: History of Usual occupation <span style=\"background: LightGoldenRodYellow; margin: 4px; border: 1px solid khaki\"> (<a href=\"https://loinc.org/\">LOINC</a>#21843-8)</span></p><p><b>subject</b>: <a href=\"#Patient_8f831c6d-9ade-4223-aaf4-c9c2bd1b9b59\">See above (Patient/8f831c6d-9ade-4223-aaf4-c9c2bd1b9b59)</a></p><p><b>value</b>: Carpenter <span style=\"background: LightGoldenRodYellow; margin: 4px; border: 1px solid khaki\"> (<a href=\"http://terminology.hl7.org/3.1.0/CodeSystem-v3-NullFlavor.html\">NullFlavor</a>#UNK &quot;unknown&quot;)</span></p><h3>Components</h3><table class=\"grid\"><tr><td style=\"display: none\">-</td><td><b>Code</b></td><td><b>Value[x]</b></td></tr><tr><td style=\"display: none\">*</td><td>History of Usual industry <span style=\"background: LightGoldenRodYellow; margin: 4px; border: 1px solid khaki\"> (<a href=\"https://loinc.org/\">LOINC</a>#21844-6)</span></td><td>Construction <span style=\"background: LightGoldenRodYellow; margin: 4px; border: 1px solid khaki\"> (<a href=\"http://terminology.hl7.org/3.1.0/CodeSystem-v3-NullFlavor.html\">NullFlavor</a>#UNK &quot;unknown&quot;)</span></td></tr></table></div>"
      },
      "status" : "final",
      "category" : [{
        "coding" : [{
          "system" : "http://terminology.hl7.org/CodeSystem/observation-category",
          "code" : "social-history"
        }]
      }],
      "code" : {
        "coding" : [{
          "system" : "http://loinc.org",
          "code" : "21843-8",
          "display" : "History of Usual occupation"
        }]
      },
      "subject" : {
        "reference" : "Patient/8f831c6d-9ade-4223-aaf4-c9c2bd1b9b59"
      },
      "valueCodeableConcept" : {
        "coding" : [{
          "system" : "http://terminology.hl7.org/CodeSystem/v3-NullFlavor",
          "code" : "UNK",
          "display" : "unknown"
        }],
        "text" : "Carpenter"
      },
      "component" : [{
        "code" : {
          "coding" : [{
            "system" : "http://loinc.org",
            "code" : "21844-6",
            "display" : "History of Usual industry"
          }]
        },
        "valueCodeableConcept" : {
          "coding" : [{
            "system" : "http://terminology.hl7.org/CodeSystem/v3-NullFlavor",
            "code" : "UNK",
            "display" : "unknown"
          }],
          "text" : "Construction"
        }
      }]
    }
  },
  {
    "fullUrl" : "urn:uuid:b8435781-6b89-4400-8c07-334de263e6d9",
    "resource" : {
      "resourceType" : "Observation",
      "id" : "b8435781-6b89-4400-8c07-334de263e6d9",
      "meta" : {
        "versionId" : "1",
        "lastUpdated" : "2023-12-28T15:14:45.0406709+00:00",
        "source" : "EDRS-IJE:Bundle/f2c98fbf-cc8d-4416-ad85-e240bb32079a",
        "profile" : ["http://hl7.org/fhir/us/vrdr/StructureDefinition/vrdr-decedent-disposition-method"]
      },
      "text" : {
        "status" : "generated",
        "div" : "<div xmlns=\"http://www.w3.org/1999/xhtml\"><p><b>Generated Narrative: Observation</b><a name=\"b8435781-6b89-4400-8c07-334de263e6d9\"> </a></p><div style=\"display: inline-block; background-color: #d9e0e7; padding: 6px; margin: 4px; border: 1px solid #8da1b4; border-radius: 5px; line-height: 60%\"><p style=\"margin-bottom: 0px\">Resource Observation &quot;b8435781-6b89-4400-8c07-334de263e6d9&quot; Version &quot;1&quot; Updated &quot;2023-12-28 15:14:45+0000&quot; </p><p style=\"margin-bottom: 0px\">Information Source: EDRS-IJE:Bundle/f2c98fbf-cc8d-4416-ad85-e240bb32079a!</p><p style=\"margin-bottom: 0px\">Profile: <a href=\"https://build.fhir.org/ig/HL7/vrdr//StructureDefinition-vrdr-decedent-disposition-method.html\">Decedent Disposition Method</a></p></div><p><b>status</b>: final</p><p><b>code</b>: Body disposition method <span style=\"background: LightGoldenRodYellow; margin: 4px; border: 1px solid khaki\"> (<a href=\"https://loinc.org/\">LOINC</a>#80905-3)</span></p><p><b>subject</b>: <a href=\"#Patient_8f831c6d-9ade-4223-aaf4-c9c2bd1b9b59\">See above (Patient/8f831c6d-9ade-4223-aaf4-c9c2bd1b9b59)</a></p><p><b>value</b>: Other <span style=\"background: LightGoldenRodYellow; margin: 4px; border: 1px solid khaki\"> (<a href=\"http://terminology.hl7.org/3.1.0/CodeSystem-v3-NullFlavor.html\">NullFlavor</a>#OTH)</span></p></div>"
      },
      "status" : "final",
      "code" : {
        "coding" : [{
          "system" : "http://loinc.org",
          "code" : "80905-3",
          "display" : "Body disposition method"
        }]
      },
      "subject" : {
        "reference" : "Patient/8f831c6d-9ade-4223-aaf4-c9c2bd1b9b59"
      },
      "valueCodeableConcept" : {
        "coding" : [{
          "system" : "http://terminology.hl7.org/CodeSystem/v3-NullFlavor",
          "code" : "OTH",
          "display" : "Other"
        }]
      }
    }
  },
  {
    "fullUrl" : "urn:uuid:2c13bc52-3172-45be-8515-b96dda774b24",
    "resource" : {
      "resourceType" : "Observation",
      "id" : "2c13bc52-3172-45be-8515-b96dda774b24",
      "meta" : {
        "versionId" : "1",
        "profile" : ["http://hl7.org/fhir/us/vrdr/StructureDefinition/vrdr-decedent-pregnancy-status"]
      },
      "text" : {
        "status" : "generated",
        "div" : "<div xmlns=\"http://www.w3.org/1999/xhtml\"><p><b>Generated Narrative: Observation</b><a name=\"2c13bc52-3172-45be-8515-b96dda774b24\"> </a></p><div style=\"display: inline-block; background-color: #d9e0e7; padding: 6px; margin: 4px; border: 1px solid #8da1b4; border-radius: 5px; line-height: 60%\"><p style=\"margin-bottom: 0px\">Resource Observation &quot;2c13bc52-3172-45be-8515-b96dda774b24&quot; Version &quot;1&quot; </p><p style=\"margin-bottom: 0px\">Profile: <a href=\"https://build.fhir.org/ig/HL7/vrdr//StructureDefinition-vrdr-decedent-pregnancy-status.html\">Decedent Pregnancy Status</a></p></div><p><b>status</b>: final</p><p><b>code</b>: Timing of recent pregnancy in relation to death <span style=\"background: LightGoldenRodYellow; margin: 4px; border: 1px solid khaki\"> (<a href=\"https://loinc.org/\">LOINC</a>#69442-2)</span></p><p><b>subject</b>: <a href=\"#Patient_8f831c6d-9ade-4223-aaf4-c9c2bd1b9b59\">See above (Patient/8f831c6d-9ade-4223-aaf4-c9c2bd1b9b59)</a></p><p><b>value</b>:  <span style=\"background: LightGoldenRodYellow; margin: 4px; border: 1px solid khaki\"> ()</span></p></div>"
      },
      "status" : "final",
      "code" : {
        "coding" : [{
          "system" : "http://loinc.org",
          "code" : "69442-2",
          "display" : "Timing of recent pregnancy in relation to death"
        }]
      },
      "subject" : {
        "reference" : "Patient/8f831c6d-9ade-4223-aaf4-c9c2bd1b9b59"
      },
      "valueCodeableConcept" : {
        "extension" : [{
          "url" : "http://hl7.org/fhir/us/vrdr/StructureDefinition/BypassEditFlag",
          "valueCodeableConcept" : {
            "coding" : [{
              "system" : "http://hl7.org/fhir/us/vrdr/CodeSystem/vrdr-bypass-edit-flag-cs",
              "code" : "0",
              "display" : "Edit Passed"
            }]
          }
        }]
      }
    }
  },
  {
    "fullUrl" : "urn:uuid:a42833e0-5bdc-4a16-9d61-daeb7b0b36d7",
    "resource" : {
      "resourceType" : "Observation",
      "id" : "a42833e0-5bdc-4a16-9d61-daeb7b0b36d7",
      "meta" : {
        "versionId" : "1",
        "lastUpdated" : "2023-12-28T15:14:45.042674+00:00",
        "source" : "EDRS-IJE:Bundle/f2c98fbf-cc8d-4416-ad85-e240bb32079a",
        "profile" : ["http://hl7.org/fhir/us/vrdr/StructureDefinition/vrdr-decedent-military-service"]
      },
      "text" : {
        "status" : "generated",
        "div" : "<div xmlns=\"http://www.w3.org/1999/xhtml\"><p><b>Generated Narrative: Observation</b><a name=\"a42833e0-5bdc-4a16-9d61-daeb7b0b36d7\"> </a></p><div style=\"display: inline-block; background-color: #d9e0e7; padding: 6px; margin: 4px; border: 1px solid #8da1b4; border-radius: 5px; line-height: 60%\"><p style=\"margin-bottom: 0px\">Resource Observation &quot;a42833e0-5bdc-4a16-9d61-daeb7b0b36d7&quot; Version &quot;1&quot; Updated &quot;2023-12-28 15:14:45+0000&quot; </p><p style=\"margin-bottom: 0px\">Information Source: EDRS-IJE:Bundle/f2c98fbf-cc8d-4416-ad85-e240bb32079a!</p><p style=\"margin-bottom: 0px\">Profile: <a href=\"https://build.fhir.org/ig/HL7/vrdr//StructureDefinition-vrdr-decedent-military-service.html\">Decedent Military Service</a></p></div><p><b>status</b>: final</p><p><b>code</b>: Military service Narrative <span style=\"background: LightGoldenRodYellow; margin: 4px; border: 1px solid khaki\"> (<a href=\"https://loinc.org/\">LOINC</a>#55280-2)</span></p><p><b>subject</b>: <a href=\"#Patient_8f831c6d-9ade-4223-aaf4-c9c2bd1b9b59\">See above (Patient/8f831c6d-9ade-4223-aaf4-c9c2bd1b9b59)</a></p><p><b>value</b>: Yes <span style=\"background: LightGoldenRodYellow; margin: 4px; border: 1px solid khaki\"> (<a href=\"http://hl7.org/fhir/R4/v2/0136/index.html\">v2 Y/N Indicator</a>#Y)</span></p></div>"
      },
      "status" : "final",
      "code" : {
        "coding" : [{
          "system" : "http://loinc.org",
          "code" : "55280-2",
          "display" : "Military service Narrative"
        }]
      },
      "subject" : {
        "reference" : "Patient/8f831c6d-9ade-4223-aaf4-c9c2bd1b9b59"
      },
      "valueCodeableConcept" : {
        "coding" : [{
          "system" : "http://terminology.hl7.org/CodeSystem/v2-0136",
          "code" : "Y",
          "display" : "Yes"
        }]
      }
    }
  },
  {
    "fullUrl" : "urn:uuid:1196b24f-0634-4cec-98ea-0ada906d8eaf",
    "resource" : {
      "resourceType" : "RelatedPerson",
      "id" : "1196b24f-0634-4cec-98ea-0ada906d8eaf",
      "meta" : {
        "versionId" : "1",
        "lastUpdated" : "2023-12-28T15:14:45.0426854+00:00",
        "source" : "EDRS-IJE:Bundle/f2c98fbf-cc8d-4416-ad85-e240bb32079a",
        "profile" : ["http://hl7.org/fhir/us/vrdr/StructureDefinition/vrdr-decedent-father"]
      },
      "text" : {
        "status" : "generated",
        "div" : "<div xmlns=\"http://www.w3.org/1999/xhtml\"><p><b>Generated Narrative: RelatedPerson</b><a name=\"1196b24f-0634-4cec-98ea-0ada906d8eaf\"> </a></p><div style=\"display: inline-block; background-color: #d9e0e7; padding: 6px; margin: 4px; border: 1px solid #8da1b4; border-radius: 5px; line-height: 60%\"><p style=\"margin-bottom: 0px\">Resource RelatedPerson &quot;1196b24f-0634-4cec-98ea-0ada906d8eaf&quot; Version &quot;1&quot; Updated &quot;2023-12-28 15:14:45+0000&quot; </p><p style=\"margin-bottom: 0px\">Information Source: EDRS-IJE:Bundle/f2c98fbf-cc8d-4416-ad85-e240bb32079a!</p><p style=\"margin-bottom: 0px\">Profile: <a href=\"https://build.fhir.org/ig/HL7/vrdr//StructureDefinition-vrdr-decedent-father.html\">Decedent Father</a></p></div><p><b>active</b>: true</p><p><b>patient</b>: <a href=\"#Patient_8f831c6d-9ade-4223-aaf4-c9c2bd1b9b59\">See above (Patient/8f831c6d-9ade-4223-aaf4-c9c2bd1b9b59)</a></p><p><b>relationship</b>: Father <span style=\"background: LightGoldenRodYellow; margin: 4px; border: 1px solid khaki\"> (<a href=\"http://terminology.hl7.org/3.1.0/CodeSystem-v3-RoleCode.html\">RoleCode</a>#FTH &quot;father&quot;)</span></p><p><b>name</b>: Decedent Dad(OFFICIAL)</p></div>"
      },
      "active" : true,
      "patient" : {
        "reference" : "Patient/8f831c6d-9ade-4223-aaf4-c9c2bd1b9b59"
      },
      "relationship" : [{
        "coding" : [{
          "system" : "http://terminology.hl7.org/CodeSystem/v3-RoleCode",
          "code" : "FTH",
          "display" : "father"
        }],
        "text" : "Father"
      }],
      "name" : [{
        "use" : "official",
        "text" : "Decedent Dad",
        "family" : "Jones",
        "given" : ["Henry",
        "Walton"],
        "suffix" : ["Jr"]
      }]
    }
  },
  {
    "fullUrl" : "urn:uuid:1c60f35f-7472-433f-8e92-1d2270f1c5df",
    "resource" : {
      "resourceType" : "RelatedPerson",
      "id" : "1c60f35f-7472-433f-8e92-1d2270f1c5df",
      "meta" : {
        "versionId" : "1",
        "lastUpdated" : "2023-12-28T15:14:45.0429392+00:00",
        "source" : "EDRS-IJE:Bundle/f2c98fbf-cc8d-4416-ad85-e240bb32079a",
        "profile" : ["http://hl7.org/fhir/us/vrdr/StructureDefinition/vrdr-decedent-mother"]
      },
      "text" : {
        "status" : "generated",
        "div" : "<div xmlns=\"http://www.w3.org/1999/xhtml\"><p><b>Generated Narrative: RelatedPerson</b><a name=\"1c60f35f-7472-433f-8e92-1d2270f1c5df\"> </a></p><div style=\"display: inline-block; background-color: #d9e0e7; padding: 6px; margin: 4px; border: 1px solid #8da1b4; border-radius: 5px; line-height: 60%\"><p style=\"margin-bottom: 0px\">Resource RelatedPerson &quot;1c60f35f-7472-433f-8e92-1d2270f1c5df&quot; Version &quot;1&quot; Updated &quot;2023-12-28 15:14:45+0000&quot; </p><p style=\"margin-bottom: 0px\">Information Source: EDRS-IJE:Bundle/f2c98fbf-cc8d-4416-ad85-e240bb32079a!</p><p style=\"margin-bottom: 0px\">Profile: <a href=\"https://build.fhir.org/ig/HL7/vrdr//StructureDefinition-vrdr-decedent-mother.html\">Decedent Mother</a></p></div><p><b>active</b>: true</p><p><b>patient</b>: <a href=\"#Patient_8f831c6d-9ade-4223-aaf4-c9c2bd1b9b59\">See above (Patient/8f831c6d-9ade-4223-aaf4-c9c2bd1b9b59)</a></p><p><b>relationship</b>: Mother <span style=\"background: LightGoldenRodYellow; margin: 4px; border: 1px solid khaki\"> (<a href=\"http://terminology.hl7.org/3.1.0/CodeSystem-v3-RoleCode.html\">RoleCode</a>#MTH &quot;mother&quot;)</span></p><p><b>name</b>: Decedent Mom(OFFICIAL), Jones (MAIDEN)</p></div>"
      },
      "active" : true,
      "patient" : {
        "reference" : "Patient/8f831c6d-9ade-4223-aaf4-c9c2bd1b9b59"
      },
      "relationship" : [{
        "coding" : [{
          "system" : "http://terminology.hl7.org/CodeSystem/v3-RoleCode",
          "code" : "MTH",
          "display" : "mother"
        }],
        "text" : "Mother"
      }],
      "name" : [{
        "use" : "official",
        "text" : "Decedent Mom",
        "given" : ["Anna",
        "Mary"],
        "suffix" : ["Jr"]
      },
      {
        "use" : "maiden",
        "family" : "Jones"
      }]
    }
  },
  {
    "fullUrl" : "urn:uuid:5a6697b3-9d8e-433c-a745-0e7c81df83c6",
    "resource" : {
      "resourceType" : "RelatedPerson",
      "id" : "5a6697b3-9d8e-433c-a745-0e7c81df83c6",
      "meta" : {
        "versionId" : "1",
        "lastUpdated" : "2023-12-28T15:14:45.0481604+00:00",
        "source" : "EDRS-IJE:Bundle/f2c98fbf-cc8d-4416-ad85-e240bb32079a",
        "profile" : ["http://hl7.org/fhir/us/vrdr/StructureDefinition/vrdr-decedent-spouse"]
      },
      "text" : {
        "status" : "generated",
        "div" : "<div xmlns=\"http://www.w3.org/1999/xhtml\"><p><b>Generated Narrative: RelatedPerson</b><a name=\"5a6697b3-9d8e-433c-a745-0e7c81df83c6\"> </a></p><div style=\"display: inline-block; background-color: #d9e0e7; padding: 6px; margin: 4px; border: 1px solid #8da1b4; border-radius: 5px; line-height: 60%\"><p style=\"margin-bottom: 0px\">Resource RelatedPerson &quot;5a6697b3-9d8e-433c-a745-0e7c81df83c6&quot; Version &quot;1&quot; Updated &quot;2023-12-28 15:14:45+0000&quot; </p><p style=\"margin-bottom: 0px\">Information Source: EDRS-IJE:Bundle/f2c98fbf-cc8d-4416-ad85-e240bb32079a!</p><p style=\"margin-bottom: 0px\">Profile: <a href=\"https://build.fhir.org/ig/HL7/vrdr//StructureDefinition-vrdr-decedent-spouse.html\">Decedent Spouse</a></p></div><p><b>active</b>: true</p><p><b>patient</b>: <a href=\"#Patient_8f831c6d-9ade-4223-aaf4-c9c2bd1b9b59\">See above (Patient/8f831c6d-9ade-4223-aaf4-c9c2bd1b9b59)</a></p><p><b>relationship</b>: Spouse <span style=\"background: LightGoldenRodYellow; margin: 4px; border: 1px solid khaki\"> (<a href=\"http://terminology.hl7.org/3.1.0/CodeSystem-v3-RoleCode.html\">RoleCode</a>#SPS &quot;spouse&quot;)</span></p><p><b>name</b>: Decedent Spouse(OFFICIAL)</p></div>"
      },
      "active" : true,
      "patient" : {
        "reference" : "Patient/8f831c6d-9ade-4223-aaf4-c9c2bd1b9b59"
      },
      "relationship" : [{
        "coding" : [{
          "system" : "http://terminology.hl7.org/CodeSystem/v3-RoleCode",
          "code" : "SPS",
          "display" : "spouse"
        }],
        "text" : "Spouse"
      }],
      "name" : [{
        "use" : "official",
        "text" : "Decedent Spouse",
        "family" : "SpouseLN",
        "given" : ["Deirdre",
        "Campbell"],
        "suffix" : ["Jr"]
      }]
    }
  },
  {
    "fullUrl" : "urn:uuid:e3eb6b2b-98b7-4236-952d-581748606050",
    "resource" : {
      "resourceType" : "Observation",
      "id" : "e3eb6b2b-98b7-4236-952d-581748606050",
      "meta" : {
        "versionId" : "1",
        "lastUpdated" : "2023-12-28T15:14:45.0481876+00:00",
        "source" : "EDRS-IJE:Bundle/f2c98fbf-cc8d-4416-ad85-e240bb32079a",
        "profile" : ["http://hl7.org/fhir/us/vrdr/StructureDefinition/vrdr-autopsy-performed-indicator"]
      },
      "text" : {
        "status" : "generated",
        "div" : "<div xmlns=\"http://www.w3.org/1999/xhtml\"><p><b>Generated Narrative: Observation</b><a name=\"e3eb6b2b-98b7-4236-952d-581748606050\"> </a></p><div style=\"display: inline-block; background-color: #d9e0e7; padding: 6px; margin: 4px; border: 1px solid #8da1b4; border-radius: 5px; line-height: 60%\"><p style=\"margin-bottom: 0px\">Resource Observation &quot;e3eb6b2b-98b7-4236-952d-581748606050&quot; Version &quot;1&quot; Updated &quot;2023-12-28 15:14:45+0000&quot; </p><p style=\"margin-bottom: 0px\">Information Source: EDRS-IJE:Bundle/f2c98fbf-cc8d-4416-ad85-e240bb32079a!</p><p style=\"margin-bottom: 0px\">Profile: <a href=\"https://build.fhir.org/ig/HL7/vrdr//StructureDefinition-vrdr-autopsy-performed-indicator.html\">Autopsy Performed Indicator</a></p></div><p><b>status</b>: final</p><p><b>code</b>: Autopsy was performed <span style=\"background: LightGoldenRodYellow; margin: 4px; border: 1px solid khaki\"> (<a href=\"https://loinc.org/\">LOINC</a>#85699-7)</span></p><p><b>subject</b>: <a href=\"#Patient_8f831c6d-9ade-4223-aaf4-c9c2bd1b9b59\">See above (Patient/8f831c6d-9ade-4223-aaf4-c9c2bd1b9b59)</a></p><p><b>value</b>: Yes <span style=\"background: LightGoldenRodYellow; margin: 4px; border: 1px solid khaki\"> (<a href=\"http://hl7.org/fhir/R4/v2/0136/index.html\">v2 Y/N Indicator</a>#Y)</span></p><h3>Components</h3><table class=\"grid\"><tr><td style=\"display: none\">-</td><td><b>Code</b></td><td><b>Value[x]</b></td></tr><tr><td style=\"display: none\">*</td><td>Autopsy results available <span style=\"background: LightGoldenRodYellow; margin: 4px; border: 1px solid khaki\"> (<a href=\"https://loinc.org/\">LOINC</a>#69436-4)</span></td><td>Yes <span style=\"background: LightGoldenRodYellow; margin: 4px; border: 1px solid khaki\"> (<a href=\"http://hl7.org/fhir/R4/v2/0136/index.html\">v2 Y/N Indicator</a>#Y)</span></td></tr></table></div>"
      },
      "status" : "final",
      "code" : {
        "coding" : [{
          "system" : "http://loinc.org",
          "code" : "85699-7",
          "display" : "Autopsy was performed"
        }]
      },
      "subject" : {
        "reference" : "Patient/8f831c6d-9ade-4223-aaf4-c9c2bd1b9b59"
      },
      "valueCodeableConcept" : {
        "coding" : [{
          "system" : "http://terminology.hl7.org/CodeSystem/v2-0136",
          "code" : "Y",
          "display" : "Yes"
        }]
      },
      "component" : [{
        "code" : {
          "coding" : [{
            "system" : "http://loinc.org",
            "code" : "69436-4",
            "display" : "Autopsy results available"
          }]
        },
        "valueCodeableConcept" : {
          "coding" : [{
            "system" : "http://terminology.hl7.org/CodeSystem/v2-0136",
            "code" : "Y",
            "display" : "Yes"
          }]
        }
      }]
    }
  },
  {
    "fullUrl" : "urn:uuid:bad65872-28f8-4e82-b517-09886c610e15",
    "resource" : {
      "resourceType" : "Observation",
      "id" : "bad65872-28f8-4e82-b517-09886c610e15",
      "meta" : {
        "versionId" : "1",
        "profile" : ["http://hl7.org/fhir/us/vrdr/StructureDefinition/vrdr-tobacco-use-contributed-to-death"]
      },
      "text" : {
        "status" : "generated",
        "div" : "<div xmlns=\"http://www.w3.org/1999/xhtml\"><p><b>Generated Narrative: Observation</b><a name=\"bad65872-28f8-4e82-b517-09886c610e15\"> </a></p><div style=\"display: inline-block; background-color: #d9e0e7; padding: 6px; margin: 4px; border: 1px solid #8da1b4; border-radius: 5px; line-height: 60%\"><p style=\"margin-bottom: 0px\">Resource Observation &quot;bad65872-28f8-4e82-b517-09886c610e15&quot; Version &quot;1&quot; </p><p style=\"margin-bottom: 0px\">Profile: <a href=\"https://build.fhir.org/ig/HL7/vrdr//StructureDefinition-vrdr-tobacco-use-contributed-to-death.html\">Tobacco Use Contributed To Death</a></p></div><p><b>status</b>: final</p><p><b>code</b>: Did tobacco use contribute to death <span style=\"background: LightGoldenRodYellow; margin: 4px; border: 1px solid khaki\"> (<a href=\"https://loinc.org/\">LOINC</a>#69443-0)</span></p><p><b>subject</b>: <a href=\"#Patient_8f831c6d-9ade-4223-aaf4-c9c2bd1b9b59\">See above (Patient/8f831c6d-9ade-4223-aaf4-c9c2bd1b9b59)</a></p><p><b>value</b>: Yes <span style=\"background: LightGoldenRodYellow; margin: 4px; border: 1px solid khaki\"> (<a href=\"https://browser.ihtsdotools.org/\">SNOMED CT</a>#373066001)</span></p></div>"
      },
      "status" : "final",
      "code" : {
        "coding" : [{
          "system" : "http://loinc.org",
          "code" : "69443-0",
          "display" : "Did tobacco use contribute to death"
        }]
      },
      "subject" : {
        "reference" : "Patient/8f831c6d-9ade-4223-aaf4-c9c2bd1b9b59"
      },
      "valueCodeableConcept" : {
        "coding" : [{
          "system" : "http://snomed.info/sct",
          "code" : "373066001",
          "display" : "Yes"
        }]
      }
    }
  },
  {
    "fullUrl" : "urn:uuid:8b91e2a0-b1f6-4079-82cb-c47e25123c6b",
    "resource" : {
      "resourceType" : "Observation",
      "id" : "8b91e2a0-b1f6-4079-82cb-c47e25123c6b",
      "meta" : {
        "versionId" : "1",
        "lastUpdated" : "2023-12-28T15:14:45.0482157+00:00",
        "source" : "EDRS-IJE:Bundle/f2c98fbf-cc8d-4416-ad85-e240bb32079a",
        "profile" : ["http://hl7.org/fhir/us/vrdr/StructureDefinition/vrdr-manner-of-death"]
      },
      "text" : {
        "status" : "generated",
        "div" : "<div xmlns=\"http://www.w3.org/1999/xhtml\"><p><b>Generated Narrative: Observation</b><a name=\"8b91e2a0-b1f6-4079-82cb-c47e25123c6b\"> </a></p><div style=\"display: inline-block; background-color: #d9e0e7; padding: 6px; margin: 4px; border: 1px solid #8da1b4; border-radius: 5px; line-height: 60%\"><p style=\"margin-bottom: 0px\">Resource Observation &quot;8b91e2a0-b1f6-4079-82cb-c47e25123c6b&quot; Version &quot;1&quot; Updated &quot;2023-12-28 15:14:45+0000&quot; </p><p style=\"margin-bottom: 0px\">Information Source: EDRS-IJE:Bundle/f2c98fbf-cc8d-4416-ad85-e240bb32079a!</p><p style=\"margin-bottom: 0px\">Profile: <a href=\"https://build.fhir.org/ig/HL7/vrdr//StructureDefinition-vrdr-manner-of-death.html\">Manner of Death</a></p></div><p><b>status</b>: final</p><p><b>code</b>: Manner of death <span style=\"background: LightGoldenRodYellow; margin: 4px; border: 1px solid khaki\"> (<a href=\"https://loinc.org/\">LOINC</a>#69449-7)</span></p><p><b>subject</b>: <a href=\"#Patient_8f831c6d-9ade-4223-aaf4-c9c2bd1b9b59\">See above (Patient/8f831c6d-9ade-4223-aaf4-c9c2bd1b9b59)</a></p><p><b>performer</b>: <a href=\"#Practitioner_01628624-5077-4f13-85e3-06d69d81d051\">See above (urn:uuid:01628624-5077-4f13-85e3-06d69d81d051)</a></p><p><b>value</b>: Natural death <span style=\"background: LightGoldenRodYellow; margin: 4px; border: 1px solid khaki\"> (<a href=\"https://browser.ihtsdotools.org/\">SNOMED CT</a>#38605008)</span></p></div>"
      },
      "status" : "final",
      "code" : {
        "coding" : [{
          "system" : "http://loinc.org",
          "code" : "69449-7",
          "display" : "Manner of death"
        }]
      },
      "subject" : {
        "reference" : "Patient/8f831c6d-9ade-4223-aaf4-c9c2bd1b9b59"
      },
      "performer" : [{
        "reference" : "urn:uuid:01628624-5077-4f13-85e3-06d69d81d051"
      }],
      "valueCodeableConcept" : {
        "coding" : [{
          "system" : "http://snomed.info/sct",
          "code" : "38605008",
          "display" : "Natural death"
        }]
      }
    }
  },
  {
    "fullUrl" : "urn:uuid:09727a9d-d95a-48a7-a3b9-86d08857786f",
    "resource" : {
      "resourceType" : "Observation",
      "id" : "09727a9d-d95a-48a7-a3b9-86d08857786f",
      "meta" : {
        "versionId" : "1",
        "lastUpdated" : "2023-12-28T15:14:45.04823+00:00",
        "source" : "EDRS-IJE:Bundle/f2c98fbf-cc8d-4416-ad85-e240bb32079a",
        "profile" : ["http://hl7.org/fhir/us/vrdr/StructureDefinition/vrdr-input-race-and-ethnicity"]
      },
      "text" : {
        "status" : "generated",
        "div" : "<div xmlns=\"http://www.w3.org/1999/xhtml\"><p><b>Generated Narrative: Observation</b><a name=\"09727a9d-d95a-48a7-a3b9-86d08857786f\"> </a></p><div style=\"display: inline-block; background-color: #d9e0e7; padding: 6px; margin: 4px; border: 1px solid #8da1b4; border-radius: 5px; line-height: 60%\"><p style=\"margin-bottom: 0px\">Resource Observation &quot;09727a9d-d95a-48a7-a3b9-86d08857786f&quot; Version &quot;1&quot; Updated &quot;2023-12-28 15:14:45+0000&quot; </p><p style=\"margin-bottom: 0px\">Information Source: EDRS-IJE:Bundle/f2c98fbf-cc8d-4416-ad85-e240bb32079a!</p><p style=\"margin-bottom: 0px\">Profile: <a href=\"https://build.fhir.org/ig/HL7/vrdr//StructureDefinition-vrdr-input-race-and-ethnicity.html\">Input Race and Ethnicity</a></p></div><p><b>status</b>: final</p><p><b>code</b>: Input Race and Ethnicity <span style=\"background: LightGoldenRodYellow; margin: 4px; border: 1px solid khaki\"> (<a href=\"https://build.fhir.org/ig/HL7/vrdr//CodeSystem-vrdr-observations-cs.html\">Local Observation Codes</a>#inputraceandethnicity)</span></p><p><b>subject</b>: <a href=\"#Patient_8f831c6d-9ade-4223-aaf4-c9c2bd1b9b59\">See above (Patient/8f831c6d-9ade-4223-aaf4-c9c2bd1b9b59)</a></p><blockquote><p><b>component</b></p><p><b>code</b>: White <span style=\"background: LightGoldenRodYellow; margin: 4px; border: 1px solid khaki\"> (<a href=\"https://build.fhir.org/ig/HL7/vrdr//CodeSystem-vrdr-component-cs.html\">Local Component Codes</a>#White)</span></p><p><b>value</b>: true</p></blockquote><blockquote><p><b>component</b></p><p><b>code</b>: Black Or African American <span style=\"background: LightGoldenRodYellow; margin: 4px; border: 1px solid khaki\"> (<a href=\"https://build.fhir.org/ig/HL7/vrdr//CodeSystem-vrdr-component-cs.html\">Local Component Codes</a>#BlackOrAfricanAmerican)</span></p><p><b>value</b>: true</p></blockquote><blockquote><p><b>component</b></p><p><b>code</b>: American Indian Or Alaskan Native <span style=\"background: LightGoldenRodYellow; margin: 4px; border: 1px solid khaki\"> (<a href=\"https://build.fhir.org/ig/HL7/vrdr//CodeSystem-vrdr-component-cs.html\">Local Component Codes</a>#AmericanIndianOrAlaskanNative)</span></p><p><b>value</b>: false</p></blockquote><blockquote><p><b>component</b></p><p><b>code</b>: Asian Indian <span style=\"background: LightGoldenRodYellow; margin: 4px; border: 1px solid khaki\"> (<a href=\"https://build.fhir.org/ig/HL7/vrdr//CodeSystem-vrdr-component-cs.html\">Local Component Codes</a>#AsianIndian)</span></p><p><b>value</b>: false</p></blockquote><blockquote><p><b>component</b></p><p><b>code</b>: Chinese <span style=\"background: LightGoldenRodYellow; margin: 4px; border: 1px solid khaki\"> (<a href=\"https://build.fhir.org/ig/HL7/vrdr//CodeSystem-vrdr-component-cs.html\">Local Component Codes</a>#Chinese)</span></p><p><b>value</b>: false</p></blockquote><blockquote><p><b>component</b></p><p><b>code</b>: Filipino <span style=\"background: LightGoldenRodYellow; margin: 4px; border: 1px solid khaki\"> (<a href=\"https://build.fhir.org/ig/HL7/vrdr//CodeSystem-vrdr-component-cs.html\">Local Component Codes</a>#Filipino)</span></p><p><b>value</b>: false</p></blockquote><blockquote><p><b>component</b></p><p><b>code</b>: Japanese <span style=\"background: LightGoldenRodYellow; margin: 4px; border: 1px solid khaki\"> (<a href=\"https://build.fhir.org/ig/HL7/vrdr//CodeSystem-vrdr-component-cs.html\">Local Component Codes</a>#Japanese)</span></p><p><b>value</b>: false</p></blockquote><blockquote><p><b>component</b></p><p><b>code</b>: Korean <span style=\"background: LightGoldenRodYellow; margin: 4px; border: 1px solid khaki\"> (<a href=\"https://build.fhir.org/ig/HL7/vrdr//CodeSystem-vrdr-component-cs.html\">Local Component Codes</a>#Korean)</span></p><p><b>value</b>: false</p></blockquote><blockquote><p><b>component</b></p><p><b>code</b>: Vietnamese <span style=\"background: LightGoldenRodYellow; margin: 4px; border: 1px solid khaki\"> (<a href=\"https://build.fhir.org/ig/HL7/vrdr//CodeSystem-vrdr-component-cs.html\">Local Component Codes</a>#Vietnamese)</span></p><p><b>value</b>: false</p></blockquote><blockquote><p><b>component</b></p><p><b>code</b>: Other Asian <span style=\"background: LightGoldenRodYellow; margin: 4px; border: 1px solid khaki\"> (<a href=\"https://build.fhir.org/ig/HL7/vrdr//CodeSystem-vrdr-component-cs.html\">Local Component Codes</a>#OtherAsian)</span></p><p><b>value</b>: true</p></blockquote><blockquote><p><b>component</b></p><p><b>code</b>: Native Hawaiian <span style=\"background: LightGoldenRodYellow; margin: 4px; border: 1px solid khaki\"> (<a href=\"https://build.fhir.org/ig/HL7/vrdr//CodeSystem-vrdr-component-cs.html\">Local Component Codes</a>#NativeHawaiian)</span></p><p><b>value</b>: false</p></blockquote><blockquote><p><b>component</b></p><p><b>code</b>: Guamanian Or Chamorro <span style=\"background: LightGoldenRodYellow; margin: 4px; border: 1px solid khaki\"> (<a href=\"https://build.fhir.org/ig/HL7/vrdr//CodeSystem-vrdr-component-cs.html\">Local Component Codes</a>#GuamanianOrChamorro)</span></p><p><b>value</b>: false</p></blockquote><blockquote><p><b>component</b></p><p><b>code</b>: Samoan <span style=\"background: LightGoldenRodYellow; margin: 4px; border: 1px solid khaki\"> (<a href=\"https://build.fhir.org/ig/HL7/vrdr//CodeSystem-vrdr-component-cs.html\">Local Component Codes</a>#Samoan)</span></p><p><b>value</b>: false</p></blockquote><blockquote><p><b>component</b></p><p><b>code</b>: Other Pacific Islander <span style=\"background: LightGoldenRodYellow; margin: 4px; border: 1px solid khaki\"> (<a href=\"https://build.fhir.org/ig/HL7/vrdr//CodeSystem-vrdr-component-cs.html\">Local Component Codes</a>#OtherPacificIslander)</span></p><p><b>value</b>: true</p></blockquote><blockquote><p><b>component</b></p><p><b>code</b>: Other Race <span style=\"background: LightGoldenRodYellow; margin: 4px; border: 1px solid khaki\"> (<a href=\"https://build.fhir.org/ig/HL7/vrdr//CodeSystem-vrdr-component-cs.html\">Local Component Codes</a>#OtherRace)</span></p><p><b>value</b>: true</p></blockquote><blockquote><p><b>component</b></p><p><b>code</b>: FirstOtherAsianLiteral <span style=\"background: LightGoldenRodYellow; margin: 4px; border: 1px solid khaki\"> (<a href=\"https://build.fhir.org/ig/HL7/vrdr//CodeSystem-vrdr-component-cs.html\">Local Component Codes</a>#FirstOtherAsianLiteral)</span></p><p><b>value</b>: From Tibet</p></blockquote><blockquote><p><b>component</b></p><p><b>code</b>: FirstOtherPacificIslanderLiteral <span style=\"background: LightGoldenRodYellow; margin: 4px; border: 1px solid khaki\"> (<a href=\"https://build.fhir.org/ig/HL7/vrdr//CodeSystem-vrdr-component-cs.html\">Local Component Codes</a>#FirstOtherPacificIslanderLiteral)</span></p><p><b>value</b>: Somoan</p></blockquote><blockquote><p><b>component</b></p><p><b>code</b>: FirstOtherRaceLiteral <span style=\"background: LightGoldenRodYellow; margin: 4px; border: 1px solid khaki\"> (<a href=\"https://build.fhir.org/ig/HL7/vrdr//CodeSystem-vrdr-component-cs.html\">Local Component Codes</a>#FirstOtherRaceLiteral)</span></p><p><b>value</b>: Very specific</p></blockquote><blockquote><p><b>component</b></p><p><b>code</b>: FirstAmericanIndianOrAlaskanNativeLiteral <span style=\"background: LightGoldenRodYellow; margin: 4px; border: 1px solid khaki\"> (<a href=\"https://build.fhir.org/ig/HL7/vrdr//CodeSystem-vrdr-component-cs.html\">Local Component Codes</a>#FirstAmericanIndianOrAlaskanNativeLiteral)</span></p><p><b>value</b>: Crerokee</p></blockquote><blockquote><p><b>component</b></p><p><b>code</b>: Hispanic Mexican <span style=\"background: LightGoldenRodYellow; margin: 4px; border: 1px solid khaki\"> (<a href=\"https://build.fhir.org/ig/HL7/vrdr//CodeSystem-vrdr-component-cs.html\">Local Component Codes</a>#HispanicMexican)</span></p><p><b>value</b>: No <span style=\"background: LightGoldenRodYellow; margin: 4px; border: 1px solid khaki\"> (<a href=\"http://hl7.org/fhir/R4/v2/0136/index.html\">v2 Y/N Indicator</a>#N)</span></p></blockquote><blockquote><p><b>component</b></p><p><b>code</b>: Hispanic Cuban <span style=\"background: LightGoldenRodYellow; margin: 4px; border: 1px solid khaki\"> (<a href=\"https://build.fhir.org/ig/HL7/vrdr//CodeSystem-vrdr-component-cs.html\">Local Component Codes</a>#HispanicCuban)</span></p><p><b>value</b>: No <span style=\"background: LightGoldenRodYellow; margin: 4px; border: 1px solid khaki\"> (<a href=\"http://hl7.org/fhir/R4/v2/0136/index.html\">v2 Y/N Indicator</a>#N)</span></p></blockquote><blockquote><p><b>component</b></p><p><b>code</b>: Hispanic Other <span style=\"background: LightGoldenRodYellow; margin: 4px; border: 1px solid khaki\"> (<a href=\"https://build.fhir.org/ig/HL7/vrdr//CodeSystem-vrdr-component-cs.html\">Local Component Codes</a>#HispanicOther)</span></p><p><b>value</b>: No <span style=\"background: LightGoldenRodYellow; margin: 4px; border: 1px solid khaki\"> (<a href=\"http://hl7.org/fhir/R4/v2/0136/index.html\">v2 Y/N Indicator</a>#N)</span></p></blockquote><blockquote><p><b>component</b></p><p><b>code</b>: Hispanic Puerto Rican <span style=\"background: LightGoldenRodYellow; margin: 4px; border: 1px solid khaki\"> (<a href=\"https://build.fhir.org/ig/HL7/vrdr//CodeSystem-vrdr-component-cs.html\">Local Component Codes</a>#HispanicPuertoRican)</span></p><p><b>value</b>: Yes <span style=\"background: LightGoldenRodYellow; margin: 4px; border: 1px solid khaki\"> (<a href=\"http://hl7.org/fhir/R4/v2/0136/index.html\">v2 Y/N Indicator</a>#Y)</span></p></blockquote></div>"
      },
      "status" : "final",
      "code" : {
        "coding" : [{
          "system" : "http://hl7.org/fhir/us/vrdr/CodeSystem/vrdr-observations-cs",
          "code" : "inputraceandethnicity",
          "display" : "Input Race and Ethnicity"
        }]
      },
      "subject" : {
        "reference" : "Patient/8f831c6d-9ade-4223-aaf4-c9c2bd1b9b59"
      },
      "component" : [{
        "code" : {
          "coding" : [{
            "system" : "http://hl7.org/fhir/us/vrdr/CodeSystem/vrdr-component-cs",
            "code" : "White",
            "display" : "White"
          }]
        },
        "valueBoolean" : true
      },
      {
        "code" : {
          "coding" : [{
            "system" : "http://hl7.org/fhir/us/vrdr/CodeSystem/vrdr-component-cs",
            "code" : "BlackOrAfricanAmerican",
            "display" : "Black Or African American"
          }]
        },
        "valueBoolean" : true
      },
      {
        "code" : {
          "coding" : [{
            "system" : "http://hl7.org/fhir/us/vrdr/CodeSystem/vrdr-component-cs",
            "code" : "AmericanIndianOrAlaskanNative",
            "display" : "American Indian Or Alaskan Native"
          }]
        },
        "valueBoolean" : false
      },
      {
        "code" : {
          "coding" : [{
            "system" : "http://hl7.org/fhir/us/vrdr/CodeSystem/vrdr-component-cs",
            "code" : "AsianIndian",
            "display" : "Asian Indian"
          }]
        },
        "valueBoolean" : false
      },
      {
        "code" : {
          "coding" : [{
            "system" : "http://hl7.org/fhir/us/vrdr/CodeSystem/vrdr-component-cs",
            "code" : "Chinese",
            "display" : "Chinese"
          }]
        },
        "valueBoolean" : false
      },
      {
        "code" : {
          "coding" : [{
            "system" : "http://hl7.org/fhir/us/vrdr/CodeSystem/vrdr-component-cs",
            "code" : "Filipino",
            "display" : "Filipino"
          }]
        },
        "valueBoolean" : false
      },
      {
        "code" : {
          "coding" : [{
            "system" : "http://hl7.org/fhir/us/vrdr/CodeSystem/vrdr-component-cs",
            "code" : "Japanese",
            "display" : "Japanese"
          }]
        },
        "valueBoolean" : false
      },
      {
        "code" : {
          "coding" : [{
            "system" : "http://hl7.org/fhir/us/vrdr/CodeSystem/vrdr-component-cs",
            "code" : "Korean",
            "display" : "Korean"
          }]
        },
        "valueBoolean" : false
      },
      {
        "code" : {
          "coding" : [{
            "system" : "http://hl7.org/fhir/us/vrdr/CodeSystem/vrdr-component-cs",
            "code" : "Vietnamese",
            "display" : "Vietnamese"
          }]
        },
        "valueBoolean" : false
      },
      {
        "code" : {
          "coding" : [{
            "system" : "http://hl7.org/fhir/us/vrdr/CodeSystem/vrdr-component-cs",
            "code" : "OtherAsian",
            "display" : "Other Asian"
          }]
        },
        "valueBoolean" : true
      },
      {
        "code" : {
          "coding" : [{
            "system" : "http://hl7.org/fhir/us/vrdr/CodeSystem/vrdr-component-cs",
            "code" : "NativeHawaiian",
            "display" : "Native Hawaiian"
          }]
        },
        "valueBoolean" : false
      },
      {
        "code" : {
          "coding" : [{
            "system" : "http://hl7.org/fhir/us/vrdr/CodeSystem/vrdr-component-cs",
            "code" : "GuamanianOrChamorro",
            "display" : "Guamanian Or Chamorro"
          }]
        },
        "valueBoolean" : false
      },
      {
        "code" : {
          "coding" : [{
            "system" : "http://hl7.org/fhir/us/vrdr/CodeSystem/vrdr-component-cs",
            "code" : "Samoan",
            "display" : "Samoan"
          }]
        },
        "valueBoolean" : false
      },
      {
        "code" : {
          "coding" : [{
            "system" : "http://hl7.org/fhir/us/vrdr/CodeSystem/vrdr-component-cs",
            "code" : "OtherPacificIslander",
            "display" : "Other Pacific Islander"
          }]
        },
        "valueBoolean" : true
      },
      {
        "code" : {
          "coding" : [{
            "system" : "http://hl7.org/fhir/us/vrdr/CodeSystem/vrdr-component-cs",
            "code" : "OtherRace",
            "display" : "Other Race"
          }]
        },
        "valueBoolean" : true
      },
      {
        "code" : {
          "coding" : [{
            "system" : "http://hl7.org/fhir/us/vrdr/CodeSystem/vrdr-component-cs",
            "code" : "FirstOtherAsianLiteral",
            "display" : "FirstOtherAsianLiteral"
          }]
        },
        "valueString" : "From Tibet"
      },
      {
        "code" : {
          "coding" : [{
            "system" : "http://hl7.org/fhir/us/vrdr/CodeSystem/vrdr-component-cs",
            "code" : "FirstOtherPacificIslanderLiteral",
            "display" : "FirstOtherPacificIslanderLiteral"
          }]
        },
        "valueString" : "Somoan"
      },
      {
        "code" : {
          "coding" : [{
            "system" : "http://hl7.org/fhir/us/vrdr/CodeSystem/vrdr-component-cs",
            "code" : "FirstOtherRaceLiteral",
            "display" : "FirstOtherRaceLiteral"
          }]
        },
        "valueString" : "Very specific"
      },
      {
        "code" : {
          "coding" : [{
            "system" : "http://hl7.org/fhir/us/vrdr/CodeSystem/vrdr-component-cs",
            "code" : "FirstAmericanIndianOrAlaskanNativeLiteral",
            "display" : "FirstAmericanIndianOrAlaskanNativeLiteral"
          }]
        },
        "valueString" : "Crerokee"
      },
      {
        "code" : {
          "coding" : [{
            "system" : "http://hl7.org/fhir/us/vrdr/CodeSystem/vrdr-component-cs",
            "code" : "HispanicMexican",
            "display" : "Hispanic Mexican"
          }]
        },
        "valueCodeableConcept" : {
          "coding" : [{
            "system" : "http://terminology.hl7.org/CodeSystem/v2-0136",
            "code" : "N",
            "display" : "No"
          }]
        }
      },
      {
        "code" : {
          "coding" : [{
            "system" : "http://hl7.org/fhir/us/vrdr/CodeSystem/vrdr-component-cs",
            "code" : "HispanicCuban",
            "display" : "Hispanic Cuban"
          }]
        },
        "valueCodeableConcept" : {
          "coding" : [{
            "system" : "http://terminology.hl7.org/CodeSystem/v2-0136",
            "code" : "N",
            "display" : "No"
          }]
        }
      },
      {
        "code" : {
          "coding" : [{
            "system" : "http://hl7.org/fhir/us/vrdr/CodeSystem/vrdr-component-cs",
            "code" : "HispanicOther",
            "display" : "Hispanic Other"
          }]
        },
        "valueCodeableConcept" : {
          "coding" : [{
            "system" : "http://terminology.hl7.org/CodeSystem/v2-0136",
            "code" : "N",
            "display" : "No"
          }]
        }
      },
      {
        "code" : {
          "coding" : [{
            "system" : "http://hl7.org/fhir/us/vrdr/CodeSystem/vrdr-component-cs",
            "code" : "HispanicPuertoRican",
            "display" : "Hispanic Puerto Rican"
          }]
        },
        "valueCodeableConcept" : {
          "coding" : [{
            "system" : "http://terminology.hl7.org/CodeSystem/v2-0136",
            "code" : "Y",
            "display" : "Yes"
          }]
        }
      }]
    }
  }]
}