{
  "resourceType" : "Bundle",
  "id" : "0ff2b28c-7c2b-46e1-8e30-4e0d78c4e816",
  "meta" : {
    "versionId" : "1",
    "lastUpdated" : "2023-12-28T15:14:44.5935836+00:00",
    "source" : "EDRS-IJE:Bundle/0ff2b28c-7c2b-46e1-8e30-4e0d78c4e816",
    "profile" : ["http://hl7.org/fhir/us/vrdr/StructureDefinition/vrdr-death-certificate-document"]
  },
  "identifier" : {
    "extension" : [{
      "url" : "http://hl7.org/fhir/us/vrdr/StructureDefinition/CertificateNumber",
      "valueString" : "240005"
    }],
    "system" : "http://nchs.cdc.gov/vrdr_id",
    "value" : "2023VT240005"
  },
  "type" : "document",
  "timestamp" : "2023-12-28T10:14:44.2659092-05:00",
  "entry" : [{
    "fullUrl" : "urn:uuid:4fc74bb0-c1ca-4147-9b44-c48649f792ea",
    "resource" : {
      "resourceType" : "Composition",
      "id" : "4fc74bb0-c1ca-4147-9b44-c48649f792ea",
      "meta" : {
        "versionId" : "1",
        "lastUpdated" : "2023-12-28T15:14:44.5825219+00:00",
        "source" : "EDRS-IJE:Bundle/0ff2b28c-7c2b-46e1-8e30-4e0d78c4e816",
        "profile" : ["http://hl7.org/fhir/us/vrdr/StructureDefinition/vrdr-death-certificate"]
      },
      "text" : {
        "status" : "generated",
        "div" : "<div xmlns=\"http://www.w3.org/1999/xhtml\"><p><b>Generated Narrative: Composition</b><a name=\"4fc74bb0-c1ca-4147-9b44-c48649f792ea\"> </a></p><div style=\"display: inline-block; background-color: #d9e0e7; padding: 6px; margin: 4px; border: 1px solid #8da1b4; border-radius: 5px; line-height: 60%\"><p style=\"margin-bottom: 0px\">Resource Composition &quot;4fc74bb0-c1ca-4147-9b44-c48649f792ea&quot; Version &quot;1&quot; Updated &quot;2023-12-28 15:14:44+0000&quot; </p><p style=\"margin-bottom: 0px\">Information Source: EDRS-IJE:Bundle/0ff2b28c-7c2b-46e1-8e30-4e0d78c4e816!</p><p style=\"margin-bottom: 0px\">Profile: <a href=\"https://build.fhir.org/ig/HL7/vrdr//StructureDefinition-vrdr-death-certificate.html\">Death Certificate</a></p></div><p><b>status</b>: final</p><p><b>type</b>: Death certificate <span style=\"background: LightGoldenRodYellow; margin: 4px; border: 1px solid khaki\"> (<a href=\"https://loinc.org/\">LOINC</a>#64297-5)</span></p><p><b>date</b>: 2023-12-28 15:14:44+0000</p><p><b>author</b>: <a href=\"#Practitioner_a9d8fc7d-f99d-419e-8c51-f57884c59540\">See above (urn:uuid:a9d8fc7d-f99d-419e-8c51-f57884c59540)</a></p><p><b>title</b>: Death Certificate</p><h3>Attesters</h3><table class=\"grid\"><tr><td style=\"display: none\">-</td><td><b>Mode</b></td><td><b>Party</b></td></tr><tr><td style=\"display: none\">*</td><td>legal</td><td><a href=\"#Practitioner_a9d8fc7d-f99d-419e-8c51-f57884c59540\">See above (urn:uuid:a9d8fc7d-f99d-419e-8c51-f57884c59540)</a></td></tr></table><h3>Events</h3><table class=\"grid\"><tr><td style=\"display: none\">-</td><td><b>Code</b></td><td><b>Detail</b></td></tr><tr><td style=\"display: none\">*</td><td>Diagnostic procedure (procedure) <span style=\"background: LightGoldenRodYellow; margin: 4px; border: 1px solid khaki\"> (<a href=\"https://browser.ihtsdotools.org/\">SNOMED CT</a>#103693007)</span></td><td><a href=\"#Procedure_315a02fa-95a2-4e54-afcb-819ac2b3c299\">See above (urn:uuid:315a02fa-95a2-4e54-afcb-819ac2b3c299)</a></td></tr></table></div>"
      },
      "status" : "final",
      "type" : {
        "coding" : [{
          "system" : "http://loinc.org",
          "code" : "64297-5",
          "display" : "Death certificate"
        }]
      },
      "subject" : {
        "reference" : "Patient/c2743a4b-66aa-4f9c-bb6b-3d962554a12a"
      },
      "date" : "2023-12-28T15:14:44+00:00",
      "author" : [{
        "reference" : "urn:uuid:a9d8fc7d-f99d-419e-8c51-f57884c59540"
      }],
      "title" : "Death Certificate",
      "attester" : [{
        "mode" : "legal",
        "party" : {
          "reference" : "urn:uuid:a9d8fc7d-f99d-419e-8c51-f57884c59540"
        }
      }],
      "event" : [{
        "code" : [{
          "coding" : [{
            "system" : "http://snomed.info/sct",
            "code" : "103693007",
            "display" : "Diagnostic procedure (procedure)"
          }]
        }],
        "detail" : [{
          "reference" : "urn:uuid:315a02fa-95a2-4e54-afcb-819ac2b3c299"
        }]
      }],
      "section" : [{
        "code" : {
          "coding" : [{
            "system" : "http://hl7.org/fhir/us/vrdr/CodeSystem/vrdr-document-section-cs",
            "code" : "DecedentDemographics"
          }]
        },
        "entry" : [{
          "reference" : "urn:uuid:c2743a4b-66aa-4f9c-bb6b-3d962554a12a"
        },
        {
          "reference" : "urn:uuid:0075aff4-e04f-49ba-887b-27dba0b6c32f"
        },
        {
          "reference" : "urn:uuid:0e836cbf-b5e7-4dbb-a7ef-729af3f93c46"
        },
        {
          "reference" : "urn:uuid:3fc59c6a-372f-4744-886c-51f1c8f5b0a2"
        },
        {
          "reference" : "urn:uuid:48ef8f86-99af-45eb-b8c9-65009d817e25"
        },
        {
          "reference" : "urn:uuid:4b670bae-5ce2-4d8f-b13f-70e8489014f1"
        }]
      },
      {
        "code" : {
          "coding" : [{
            "system" : "http://hl7.org/fhir/us/vrdr/CodeSystem/vrdr-document-section-cs",
            "code" : "DeathCertification"
          }]
        },
        "entry" : [{
          "reference" : "urn:uuid:a9d8fc7d-f99d-419e-8c51-f57884c59540"
        },
        {
          "reference" : "urn:uuid:315a02fa-95a2-4e54-afcb-819ac2b3c299"
        },
        {
          "reference" : "urn:uuid:d230fc37-a390-4f24-83c0-03fc873e2608"
        }]
      },
      {
        "code" : {
          "coding" : [{
            "system" : "http://hl7.org/fhir/us/vrdr/CodeSystem/vrdr-document-section-cs",
            "code" : "DeathInvestigation"
          }]
        },
        "entry" : [{
          "reference" : "urn:uuid:8104f594-dcb2-4f7f-b5aa-696f36b60ff3"
        },
        {
          "reference" : "urn:uuid:27286243-6cfa-4322-9db0-4fc236969690"
        },
        {
          "reference" : "urn:uuid:7fe5c875-73b7-47e8-a30b-38adc690fb25"
        },
        {
          "reference" : "urn:uuid:4b00a63b-c4e1-4592-9e86-0fbad8ca1499"
        },
        {
          "reference" : "urn:uuid:2e3a0b6f-3d57-448b-8715-1add3bc39a9c"
        }]
      },
      {
        "code" : {
          "coding" : [{
            "system" : "http://hl7.org/fhir/us/vrdr/CodeSystem/vrdr-document-section-cs",
            "code" : "DecedentDisposition"
          }]
        },
        "entry" : [{
          "reference" : "urn:uuid:0df53bb5-2c17-4152-baf2-e4794ca46a1c"
        }]
      }]
    }
  },
  {
    "fullUrl" : "urn:uuid:c2743a4b-66aa-4f9c-bb6b-3d962554a12a",
    "resource" : {
      "resourceType" : "Patient",
      "id" : "c2743a4b-66aa-4f9c-bb6b-3d962554a12a",
      "meta" : {
        "versionId" : "1",
        "lastUpdated" : "2023-12-28T15:14:44.5831821+00:00",
        "source" : "EDRS-IJE:Bundle/0ff2b28c-7c2b-46e1-8e30-4e0d78c4e816",
        "profile" : ["http://hl7.org/fhir/us/vrdr/StructureDefinition/vrdr-decedent"]
      },
      "text" : {
        "status" : "extensions",
        "div" : "<div xmlns=\"http://www.w3.org/1999/xhtml\"><p><b>Generated Narrative: Patient</b><a name=\"c2743a4b-66aa-4f9c-bb6b-3d962554a12a\"> </a></p><div style=\"display: inline-block; background-color: #d9e0e7; padding: 6px; margin: 4px; border: 1px solid #8da1b4; border-radius: 5px; line-height: 60%\"><p style=\"margin-bottom: 0px\">Resource Patient &quot;c2743a4b-66aa-4f9c-bb6b-3d962554a12a&quot; Version &quot;1&quot; Updated &quot;2023-12-28 15:14:44+0000&quot; </p><p style=\"margin-bottom: 0px\">Information Source: EDRS-IJE:Bundle/0ff2b28c-7c2b-46e1-8e30-4e0d78c4e816!</p><p style=\"margin-bottom: 0px\">Profile: <a href=\"https://build.fhir.org/ig/HL7/vrdr//StructureDefinition-vrdr-decedent.html\">Decedent</a></p></div><p><b>NVSS SexAtDeath</b>: Male <span style=\"background: LightGoldenRodYellow; margin: 4px; border: 1px solid khaki\"> (<a href=\"http://hl7.org/fhir/R4/codesystem-administrative-gender.html\">AdministrativeGender</a>#male)</span></p><p><b>Birth Place</b>: City CO US </p><p><b>identifier</b>: Social Beneficiary Identifier:\u00a0<a href=\"http://terminology.hl7.org/3.1.0/NamingSystem-ssn.html\">#</a>429471420</p><p><b>name</b>: vermont res Lineberry (OFFICIAL)</p><p><b>gender</b>: unknown</p><p><b>birthDate</b>: ??</p><p><b>address</b>: 1234 Address 1 Apt Addr 2 City VT 12345 US </p><p><b>maritalStatus</b>: Never Married <span style=\"background: LightGoldenRodYellow; margin: 4px; border: 1px solid khaki\"> (<a href=\"http://terminology.hl7.org/3.1.0/CodeSystem-v3-MaritalStatus.html\">MaritalStatus</a>#S)</span></p></div>"
      },
      "extension" : [{
        "url" : "http://hl7.org/fhir/us/vrdr/StructureDefinition/NVSS-SexAtDeath",
        "valueCodeableConcept" : {
          "coding" : [{
            "system" : "http://hl7.org/fhir/administrative-gender",
            "code" : "male",
            "display" : "Male"
          }]
        }
      },
      {
        "url" : "http://hl7.org/fhir/StructureDefinition/patient-birthPlace",
        "valueAddress" : {
          "city" : "City",
          "_city" : {
            "extension" : [{
              "url" : "http://hl7.org/fhir/us/vrdr/StructureDefinition/CityCode",
              "valuePositiveInt" : 2162
            }]
          },
          "state" : "CO",
          "_state" : {
            "extension" : [{
              "url" : "http://hl7.org/fhir/us/vrdr/StructureDefinition/Location-Jurisdiction-Id",
              "valueString" : "CO"
            }]
          },
          "country" : "US"
        }
      }],
      "identifier" : [{
        "type" : {
          "coding" : [{
            "system" : "http://terminology.hl7.org/CodeSystem/v2-0203",
            "code" : "SB",
            "display" : "Social Beneficiary Identifier"
          }]
        },
        "system" : "http://hl7.org/fhir/sid/us-ssn",
        "value" : "429471420"
      }],
      "name" : [{
        "use" : "official",
        "family" : "Lineberry",
        "given" : ["vermont res"],
        "suffix" : ["Jr"]
      }],
      "gender" : "unknown",
      "_birthDate" : {
        "extension" : [{
          "extension" : [{
            "url" : "http://hl7.org/fhir/us/vrdr/StructureDefinition/Date-Year",
            "valueUnsignedInt" : 2023
          },
          {
            "url" : "http://hl7.org/fhir/us/vrdr/StructureDefinition/Date-Month",
            "valueUnsignedInt" : 1
          },
          {
            "url" : "http://hl7.org/fhir/us/vrdr/StructureDefinition/Date-Day",
            "valueUnsignedInt" : 4
          }],
          "url" : "http://hl7.org/fhir/us/vrdr/StructureDefinition/PartialDate"
        }]
      },
      "address" : [{
        "extension" : [{
          "url" : "http://hl7.org/fhir/us/vrdr/StructureDefinition/WithinCityLimitsIndicator",
          "valueCoding" : {
            "system" : "http://terminology.hl7.org/CodeSystem/v3-NullFlavor",
            "code" : "UNK",
            "display" : "unknown"
          }
        }],
        "line" : ["1234 Address 1 Apt Addr 2"],
        "city" : "City",
        "_city" : {
          "extension" : [{
            "url" : "http://hl7.org/fhir/us/vrdr/StructureDefinition/CityCode",
            "valuePositiveInt" : 2162
          }]
        },
        "district" : "Essex",
        "_district" : {
          "extension" : [{
            "url" : "http://hl7.org/fhir/us/vrdr/StructureDefinition/DistrictCode",
            "valuePositiveInt" : 50009
          }]
        },
        "state" : "VT",
        "postalCode" : "12345",
        "country" : "US"
      }],
      "maritalStatus" : {
        "extension" : [{
          "url" : "http://hl7.org/fhir/us/vrdr/StructureDefinition/BypassEditFlag",
          "valueCodeableConcept" : {
            "coding" : [{
              "system" : "http://hl7.org/fhir/us/vrdr/CodeSystem/vrdr-bypass-edit-flag-cs",
              "code" : "0",
              "display" : "Edit Passed"
            }]
          }
        }],
        "coding" : [{
          "system" : "http://terminology.hl7.org/CodeSystem/v3-MaritalStatus",
          "code" : "S",
          "display" : "Never Married"
        }]
      }
    }
  },
  {
    "fullUrl" : "urn:uuid:a9d8fc7d-f99d-419e-8c51-f57884c59540",
    "resource" : {
      "resourceType" : "Practitioner",
      "id" : "a9d8fc7d-f99d-419e-8c51-f57884c59540",
      "meta" : {
        "versionId" : "1",
        "profile" : ["http://hl7.org/fhir/us/vrdr/StructureDefinition/vrdr-certifier"]
      },
      "text" : {
        "status" : "generated",
        "div" : "<div xmlns=\"http://www.w3.org/1999/xhtml\"><p><b>Generated Narrative: Practitioner</b><a name=\"a9d8fc7d-f99d-419e-8c51-f57884c59540\"> </a></p><div style=\"display: inline-block; background-color: #d9e0e7; padding: 6px; margin: 4px; border: 1px solid #8da1b4; border-radius: 5px; line-height: 60%\"><p style=\"margin-bottom: 0px\">Resource Practitioner &quot;a9d8fc7d-f99d-419e-8c51-f57884c59540&quot; Version &quot;1&quot; </p><p style=\"margin-bottom: 0px\">Profile: <a href=\"https://build.fhir.org/ig/HL7/vrdr//StructureDefinition-vrdr-certifier.html\">Certifier</a></p></div></div>"
      }
    }
  },
  {
    "fullUrl" : "urn:uuid:315a02fa-95a2-4e54-afcb-819ac2b3c299",
    "resource" : {
      "resourceType" : "Procedure",
      "id" : "315a02fa-95a2-4e54-afcb-819ac2b3c299",
      "meta" : {
        "versionId" : "1",
        "profile" : ["http://hl7.org/fhir/us/vrdr/StructureDefinition/vrdr-death-certification"]
      },
      "text" : {
        "status" : "generated",
        "div" : "<div xmlns=\"http://www.w3.org/1999/xhtml\"><p><b>Generated Narrative: Procedure</b><a name=\"315a02fa-95a2-4e54-afcb-819ac2b3c299\"> </a></p><div style=\"display: inline-block; background-color: #d9e0e7; padding: 6px; margin: 4px; border: 1px solid #8da1b4; border-radius: 5px; line-height: 60%\"><p style=\"margin-bottom: 0px\">Resource Procedure &quot;315a02fa-95a2-4e54-afcb-819ac2b3c299&quot; Version &quot;1&quot; </p><p style=\"margin-bottom: 0px\">Profile: <a href=\"https://build.fhir.org/ig/HL7/vrdr//StructureDefinition-vrdr-death-certification.html\">Death Certification Procedure</a></p></div><p><b>status</b>: completed</p><p><b>category</b>: Diagnostic procedure <span style=\"background: LightGoldenRodYellow; margin: 4px; border: 1px solid khaki\"> (<a href=\"https://browser.ihtsdotools.org/\">SNOMED CT</a>#103693007)</span></p><p><b>code</b>: Death certification <span style=\"background: LightGoldenRodYellow; margin: 4px; border: 1px solid khaki\"> (<a href=\"https://browser.ihtsdotools.org/\">SNOMED CT</a>#308646001)</span></p><p><b>subject</b>: <a href=\"#Patient_c2743a4b-66aa-4f9c-bb6b-3d962554a12a\">See above (Patient/c2743a4b-66aa-4f9c-bb6b-3d962554a12a)</a></p></div>"
      },
      "status" : "completed",
      "category" : {
        "coding" : [{
          "system" : "http://snomed.info/sct",
          "code" : "103693007",
          "display" : "Diagnostic procedure"
        }]
      },
      "code" : {
        "coding" : [{
          "system" : "http://snomed.info/sct",
          "code" : "308646001",
          "display" : "Death certification"
        }]
      },
      "subject" : {
        "reference" : "Patient/c2743a4b-66aa-4f9c-bb6b-3d962554a12a"
      }
    }
  },
  {
    "fullUrl" : "urn:uuid:8104f594-dcb2-4f7f-b5aa-696f36b60ff3",
    "resource" : {
      "resourceType" : "Observation",
      "id" : "8104f594-dcb2-4f7f-b5aa-696f36b60ff3",
      "meta" : {
        "versionId" : "1",
        "lastUpdated" : "2023-12-28T15:14:44.5883219+00:00",
        "source" : "EDRS-IJE:Bundle/0ff2b28c-7c2b-46e1-8e30-4e0d78c4e816",
        "profile" : ["http://hl7.org/fhir/us/vrdr/StructureDefinition/vrdr-death-date"]
      },
      "text" : {
        "status" : "generated",
        "div" : "<div xmlns=\"http://www.w3.org/1999/xhtml\"><p><b>Generated Narrative: Observation</b><a name=\"8104f594-dcb2-4f7f-b5aa-696f36b60ff3\"> </a></p><div style=\"display: inline-block; background-color: #d9e0e7; padding: 6px; margin: 4px; border: 1px solid #8da1b4; border-radius: 5px; line-height: 60%\"><p style=\"margin-bottom: 0px\">Resource Observation &quot;8104f594-dcb2-4f7f-b5aa-696f36b60ff3&quot; Version &quot;1&quot; Updated &quot;2023-12-28 15:14:44+0000&quot; </p><p style=\"margin-bottom: 0px\">Information Source: EDRS-IJE:Bundle/0ff2b28c-7c2b-46e1-8e30-4e0d78c4e816!</p><p style=\"margin-bottom: 0px\">Profile: <a href=\"https://build.fhir.org/ig/HL7/vrdr//StructureDefinition-vrdr-death-date.html\">Death Date</a></p></div><p><b>status</b>: final</p><p><b>code</b>: Date+time of death <span style=\"background: LightGoldenRodYellow; margin: 4px; border: 1px solid khaki\"> (<a href=\"https://loinc.org/\">LOINC</a>#81956-5)</span></p><p><b>subject</b>: <a href=\"#Patient_c2743a4b-66aa-4f9c-bb6b-3d962554a12a\">See above (Patient/c2743a4b-66aa-4f9c-bb6b-3d962554a12a)</a></p><p><b>value</b>: ??</p><h3>Components</h3><table class=\"grid\"><tr><td style=\"display: none\">-</td><td><b>Code</b></td><td><b>Value[x]</b></td></tr><tr><td style=\"display: none\">*</td><td>Location of death <span style=\"background: LightGoldenRodYellow; margin: 4px; border: 1px solid khaki\"> (<a href=\"https://loinc.org/\">LOINC</a>#58332-8)</span></td><td>Death in hospital <span style=\"background: LightGoldenRodYellow; margin: 4px; border: 1px solid khaki\"> (<a href=\"https://browser.ihtsdotools.org/\">SNOMED CT</a>#16983000)</span></td></tr></table></div>"
      },
      "status" : "final",
      "code" : {
        "coding" : [{
          "system" : "http://loinc.org",
          "code" : "81956-5",
          "display" : "Date+time of death"
        }]
      },
      "subject" : {
        "reference" : "Patient/c2743a4b-66aa-4f9c-bb6b-3d962554a12a"
      },
      "_valueDateTime" : {
        "extension" : [{
          "extension" : [{
            "url" : "http://hl7.org/fhir/us/vrdr/StructureDefinition/Date-Year",
            "valueUnsignedInt" : 2023
          },
          {
            "url" : "http://hl7.org/fhir/us/vrdr/StructureDefinition/Date-Month",
            "valueUnsignedInt" : 1
          },
          {
            "url" : "http://hl7.org/fhir/us/vrdr/StructureDefinition/Date-Day",
            "valueUnsignedInt" : 17
          },
          {
            "url" : "http://hl7.org/fhir/us/vrdr/StructureDefinition/Date-Time",
            "valueTime" : "18:23:00"
          }],
          "url" : "http://hl7.org/fhir/us/vrdr/StructureDefinition/PartialDateTime"
        }]
      },
      "component" : [{
        "code" : {
          "coding" : [{
            "system" : "http://loinc.org",
            "code" : "58332-8",
            "display" : "Location of death"
          }]
        },
        "valueCodeableConcept" : {
          "coding" : [{
            "system" : "http://snomed.info/sct",
            "code" : "16983000",
            "display" : "Death in hospital"
          }]
        }
      }]
    }
  },
  {
    "fullUrl" : "urn:uuid:27286243-6cfa-4322-9db0-4fc236969690",
    "resource" : {
      "resourceType" : "Location",
      "id" : "27286243-6cfa-4322-9db0-4fc236969690",
      "meta" : {
        "versionId" : "1",
        "lastUpdated" : "2023-12-28T15:14:44.5885576+00:00",
        "source" : "EDRS-IJE:Bundle/0ff2b28c-7c2b-46e1-8e30-4e0d78c4e816",
        "profile" : ["http://hl7.org/fhir/us/vrdr/StructureDefinition/vrdr-death-location"]
      },
      "text" : {
        "status" : "generated",
        "div" : "<div xmlns=\"http://www.w3.org/1999/xhtml\"><p><b>Generated Narrative: Location</b><a name=\"27286243-6cfa-4322-9db0-4fc236969690\"> </a></p><div style=\"display: inline-block; background-color: #d9e0e7; padding: 6px; margin: 4px; border: 1px solid #8da1b4; border-radius: 5px; line-height: 60%\"><p style=\"margin-bottom: 0px\">Resource Location &quot;27286243-6cfa-4322-9db0-4fc236969690&quot; Version &quot;1&quot; Updated &quot;2023-12-28 15:14:44+0000&quot; </p><p style=\"margin-bottom: 0px\">Information Source: EDRS-IJE:Bundle/0ff2b28c-7c2b-46e1-8e30-4e0d78c4e816!</p><p style=\"margin-bottom: 0px\">Profile: <a href=\"https://build.fhir.org/ig/HL7/vrdr//StructureDefinition-vrdr-death-location.html\">Death Location</a></p></div><p><b>name</b>: BLANK</p><p><b>type</b>: death location <span style=\"background: LightGoldenRodYellow; margin: 4px; border: 1px solid khaki\"> (<a href=\"https://build.fhir.org/ig/HL7/vrdr//CodeSystem-vrdr-location-type-cs.html\">Location Type Code System</a>#death)</span></p><p><b>address</b>: City VT 12345 US </p></div>"
      },
      "name" : "BLANK",
      "type" : [{
        "coding" : [{
          "system" : "http://hl7.org/fhir/us/vrdr/CodeSystem/vrdr-location-type-cs",
          "code" : "death",
          "display" : "death location"
        }]
      }],
      "address" : {
        "city" : "City",
        "_city" : {
          "extension" : [{
            "url" : "http://hl7.org/fhir/us/vrdr/StructureDefinition/CityCode",
            "valuePositiveInt" : 2162
          }]
        },
        "_district" : {
          "extension" : [{
            "url" : "http://hl7.org/fhir/us/vrdr/StructureDefinition/DistrictCode",
            "valuePositiveInt" : 50009
          }]
        },
        "state" : "VT",
        "_state" : {
          "extension" : [{
            "url" : "http://hl7.org/fhir/us/vrdr/StructureDefinition/Location-Jurisdiction-Id",
            "valueString" : "VT"
          }]
        },
        "postalCode" : "12345",
        "country" : "US"
      }
    }
  },
  {
    "fullUrl" : "urn:uuid:0075aff4-e04f-49ba-887b-27dba0b6c32f",
    "resource" : {
      "resourceType" : "Observation",
      "id" : "0075aff4-e04f-49ba-887b-27dba0b6c32f",
      "meta" : {
        "versionId" : "1",
        "lastUpdated" : "2023-12-28T15:14:44.5886909+00:00",
        "source" : "EDRS-IJE:Bundle/0ff2b28c-7c2b-46e1-8e30-4e0d78c4e816",
        "profile" : ["http://hl7.org/fhir/us/vrdr/StructureDefinition/vrdr-decedent-age"]
      },
      "text" : {
        "status" : "generated",
        "div" : "<div xmlns=\"http://www.w3.org/1999/xhtml\"><p><b>Generated Narrative: Observation</b><a name=\"0075aff4-e04f-49ba-887b-27dba0b6c32f\"> </a></p><div style=\"display: inline-block; background-color: #d9e0e7; padding: 6px; margin: 4px; border: 1px solid #8da1b4; border-radius: 5px; line-height: 60%\"><p style=\"margin-bottom: 0px\">Resource Observation &quot;0075aff4-e04f-49ba-887b-27dba0b6c32f&quot; Version &quot;1&quot; Updated &quot;2023-12-28 15:14:44+0000&quot; </p><p style=\"margin-bottom: 0px\">Information Source: EDRS-IJE:Bundle/0ff2b28c-7c2b-46e1-8e30-4e0d78c4e816!</p><p style=\"margin-bottom: 0px\">Profile: <a href=\"https://build.fhir.org/ig/HL7/vrdr//StructureDefinition-vrdr-decedent-age.html\">Decedent Age</a></p></div><p><b>status</b>: final</p><p><b>code</b>: Age at death <span style=\"background: LightGoldenRodYellow; margin: 4px; border: 1px solid khaki\"> (<a href=\"https://loinc.org/\">LOINC</a>#39016-1)</span></p><p><b>subject</b>: <a href=\"#Patient_c2743a4b-66aa-4f9c-bb6b-3d962554a12a\">See above (Patient/c2743a4b-66aa-4f9c-bb6b-3d962554a12a)</a></p><p><b>value</b>: 3 Months<span style=\"background: LightGoldenRodYellow\"> (Details: UCUM code mo = 'mo')</span></p></div>"
      },
      "status" : "final",
      "code" : {
        "coding" : [{
          "system" : "http://loinc.org",
          "code" : "39016-1",
          "display" : "Age at death"
        }]
      },
      "subject" : {
        "reference" : "Patient/c2743a4b-66aa-4f9c-bb6b-3d962554a12a"
      },
      "valueQuantity" : {
        "extension" : [{
          "url" : "http://hl7.org/fhir/us/vrdr/StructureDefinition/BypassEditFlag",
          "valueCodeableConcept" : {
            "coding" : [{
              "system" : "http://hl7.org/fhir/us/vrdr/CodeSystem/vrdr-bypass-edit-flag-cs",
              "code" : "0",
              "display" : "Edit Passed"
            }]
          }
        }],
        "value" : 3,
        "unit" : "Months",
        "system" : "http://unitsofmeasure.org",
        "code" : "mo"
      }
    }
  },
  {
    "fullUrl" : "urn:uuid:0e836cbf-b5e7-4dbb-a7ef-729af3f93c46",
    "resource" : {
      "resourceType" : "Observation",
      "id" : "0e836cbf-b5e7-4dbb-a7ef-729af3f93c46",
      "meta" : {
        "versionId" : "1",
        "lastUpdated" : "2023-12-28T15:14:44.5888268+00:00",
        "source" : "EDRS-IJE:Bundle/0ff2b28c-7c2b-46e1-8e30-4e0d78c4e816",
        "profile" : ["http://hl7.org/fhir/us/vrdr/StructureDefinition/vrdr-decedent-education-level"]
      },
      "text" : {
        "status" : "generated",
        "div" : "<div xmlns=\"http://www.w3.org/1999/xhtml\"><p><b>Generated Narrative: Observation</b><a name=\"0e836cbf-b5e7-4dbb-a7ef-729af3f93c46\"> </a></p><div style=\"display: inline-block; background-color: #d9e0e7; padding: 6px; margin: 4px; border: 1px solid #8da1b4; border-radius: 5px; line-height: 60%\"><p style=\"margin-bottom: 0px\">Resource Observation &quot;0e836cbf-b5e7-4dbb-a7ef-729af3f93c46&quot; Version &quot;1&quot; Updated &quot;2023-12-28 15:14:44+0000&quot; </p><p style=\"margin-bottom: 0px\">Information Source: EDRS-IJE:Bundle/0ff2b28c-7c2b-46e1-8e30-4e0d78c4e816!</p><p style=\"margin-bottom: 0px\">Profile: <a href=\"https://build.fhir.org/ig/HL7/vrdr//StructureDefinition-vrdr-decedent-education-level.html\">Decedent Education Level</a></p></div><p><b>status</b>: final</p><p><b>code</b>: Highest level of education [US Standard Certificate of Death] <span style=\"background: LightGoldenRodYellow; margin: 4px; border: 1px solid khaki\"> (<a href=\"https://loinc.org/\">LOINC</a>#80913-7)</span></p><p><b>subject</b>: <a href=\"#Patient_c2743a4b-66aa-4f9c-bb6b-3d962554a12a\">See above (Patient/c2743a4b-66aa-4f9c-bb6b-3d962554a12a)</a></p><p><b>value</b>: Elementary School <span style=\"background: LightGoldenRodYellow; margin: 4px; border: 1px solid khaki\"> (<a href=\"http://terminology.hl7.org/3.1.0/CodeSystem-v3-EducationLevel.html\">Education Level</a>#ELEM)</span></p></div>"
      },
      "status" : "final",
      "code" : {
        "coding" : [{
          "system" : "http://loinc.org",
          "code" : "80913-7",
          "display" : "Highest level of education [US Standard Certificate of Death]"
        }]
      },
      "subject" : {
        "reference" : "Patient/c2743a4b-66aa-4f9c-bb6b-3d962554a12a"
      },
      "valueCodeableConcept" : {
        "extension" : [{
          "url" : "http://hl7.org/fhir/us/vrdr/StructureDefinition/BypassEditFlag",
          "valueCodeableConcept" : {
            "coding" : [{
              "system" : "http://hl7.org/fhir/us/vrdr/CodeSystem/vrdr-bypass-edit-flag-cs",
              "code" : "0",
              "display" : "Edit Passed"
            }]
          }
        }],
        "coding" : [{
          "system" : "http://terminology.hl7.org/CodeSystem/v3-EducationLevel",
          "code" : "ELEM",
          "display" : "Elementary School"
        }]
      }
    }
  },
  {
    "fullUrl" : "urn:uuid:3fc59c6a-372f-4744-886c-51f1c8f5b0a2",
    "resource" : {
      "resourceType" : "Observation",
      "id" : "3fc59c6a-372f-4744-886c-51f1c8f5b0a2",
      "meta" : {
        "versionId" : "1",
        "profile" : ["http://hl7.org/fhir/us/vrdr/StructureDefinition/vrdr-decedent-usual-work"]
      },
      "text" : {
        "status" : "generated",
        "div" : "<div xmlns=\"http://www.w3.org/1999/xhtml\"><p><b>Generated Narrative: Observation</b><a name=\"3fc59c6a-372f-4744-886c-51f1c8f5b0a2\"> </a></p><div style=\"display: inline-block; background-color: #d9e0e7; padding: 6px; margin: 4px; border: 1px solid #8da1b4; border-radius: 5px; line-height: 60%\"><p style=\"margin-bottom: 0px\">Resource Observation &quot;3fc59c6a-372f-4744-886c-51f1c8f5b0a2&quot; Version &quot;1&quot; </p><p style=\"margin-bottom: 0px\">Profile: <a href=\"https://build.fhir.org/ig/HL7/vrdr//StructureDefinition-vrdr-decedent-usual-work.html\">Decedent Usual Work</a></p></div><p><b>status</b>: final</p><p><b>category</b>: Social History <span style=\"background: LightGoldenRodYellow; margin: 4px; border: 1px solid khaki\"> (<a href=\"http://terminology.hl7.org/3.1.0/CodeSystem-observation-category.html\">Observation Category Codes</a>#social-history)</span></p><p><b>code</b>: History of Usual occupation <span style=\"background: LightGoldenRodYellow; margin: 4px; border: 1px solid khaki\"> (<a href=\"https://loinc.org/\">LOINC</a>#21843-8)</span></p><p><b>subject</b>: <a href=\"#Patient_c2743a4b-66aa-4f9c-bb6b-3d962554a12a\">See above (Patient/c2743a4b-66aa-4f9c-bb6b-3d962554a12a)</a></p><p><b>value</b>: Infant <span style=\"background: LightGoldenRodYellow; margin: 4px; border: 1px solid khaki\"> (<a href=\"http://terminology.hl7.org/3.1.0/CodeSystem-v3-NullFlavor.html\">NullFlavor</a>#UNK &quot;unknown&quot;)</span></p><h3>Components</h3><table class=\"grid\"><tr><td style=\"display: none\">-</td><td><b>Code</b></td><td><b>Value[x]</b></td></tr><tr><td style=\"display: none\">*</td><td>History of Usual industry <span style=\"background: LightGoldenRodYellow; margin: 4px; border: 1px solid khaki\"> (<a href=\"https://loinc.org/\">LOINC</a>#21844-6)</span></td><td>Never Worked <span style=\"background: LightGoldenRodYellow; margin: 4px; border: 1px solid khaki\"> (<a href=\"http://terminology.hl7.org/3.1.0/CodeSystem-v3-NullFlavor.html\">NullFlavor</a>#UNK &quot;unknown&quot;)</span></td></tr></table></div>"
      },
      "status" : "final",
      "category" : [{
        "coding" : [{
          "system" : "http://terminology.hl7.org/CodeSystem/observation-category",
          "code" : "social-history"
        }]
      }],
      "code" : {
        "coding" : [{
          "system" : "http://loinc.org",
          "code" : "21843-8",
          "display" : "History of Usual occupation"
        }]
      },
      "subject" : {
        "reference" : "Patient/c2743a4b-66aa-4f9c-bb6b-3d962554a12a"
      },
      "valueCodeableConcept" : {
        "coding" : [{
          "system" : "http://terminology.hl7.org/CodeSystem/v3-NullFlavor",
          "code" : "UNK",
          "display" : "unknown"
        }],
        "text" : "Infant"
      },
      "component" : [{
        "code" : {
          "coding" : [{
            "system" : "http://loinc.org",
            "code" : "21844-6",
            "display" : "History of Usual industry"
          }]
        },
        "valueCodeableConcept" : {
          "coding" : [{
            "system" : "http://terminology.hl7.org/CodeSystem/v3-NullFlavor",
            "code" : "UNK",
            "display" : "unknown"
          }],
          "text" : "Never Worked"
        }
      }]
    }
  },
  {
    "fullUrl" : "urn:uuid:0df53bb5-2c17-4152-baf2-e4794ca46a1c",
    "resource" : {
      "resourceType" : "Observation",
      "id" : "0df53bb5-2c17-4152-baf2-e4794ca46a1c",
      "meta" : {
        "versionId" : "1",
        "lastUpdated" : "2023-12-28T15:14:44.5889498+00:00",
        "source" : "EDRS-IJE:Bundle/0ff2b28c-7c2b-46e1-8e30-4e0d78c4e816",
        "profile" : ["http://hl7.org/fhir/us/vrdr/StructureDefinition/vrdr-decedent-disposition-method"]
      },
      "text" : {
        "status" : "generated",
        "div" : "<div xmlns=\"http://www.w3.org/1999/xhtml\"><p><b>Generated Narrative: Observation</b><a name=\"0df53bb5-2c17-4152-baf2-e4794ca46a1c\"> </a></p><div style=\"display: inline-block; background-color: #d9e0e7; padding: 6px; margin: 4px; border: 1px solid #8da1b4; border-radius: 5px; line-height: 60%\"><p style=\"margin-bottom: 0px\">Resource Observation &quot;0df53bb5-2c17-4152-baf2-e4794ca46a1c&quot; Version &quot;1&quot; Updated &quot;2023-12-28 15:14:44+0000&quot; </p><p style=\"margin-bottom: 0px\">Information Source: EDRS-IJE:Bundle/0ff2b28c-7c2b-46e1-8e30-4e0d78c4e816!</p><p style=\"margin-bottom: 0px\">Profile: <a href=\"https://build.fhir.org/ig/HL7/vrdr//StructureDefinition-vrdr-decedent-disposition-method.html\">Decedent Disposition Method</a></p></div><p><b>status</b>: final</p><p><b>code</b>: Body disposition method <span style=\"background: LightGoldenRodYellow; margin: 4px; border: 1px solid khaki\"> (<a href=\"https://loinc.org/\">LOINC</a>#80905-3)</span></p><p><b>subject</b>: <a href=\"#Patient_c2743a4b-66aa-4f9c-bb6b-3d962554a12a\">See above (Patient/c2743a4b-66aa-4f9c-bb6b-3d962554a12a)</a></p><p><b>value</b>: Burial <span style=\"background: LightGoldenRodYellow; margin: 4px; border: 1px solid khaki\"> (<a href=\"https://browser.ihtsdotools.org/\">SNOMED CT</a>#449971000124106)</span></p></div>"
      },
      "status" : "final",
      "code" : {
        "coding" : [{
          "system" : "http://loinc.org",
          "code" : "80905-3",
          "display" : "Body disposition method"
        }]
      },
      "subject" : {
        "reference" : "Patient/c2743a4b-66aa-4f9c-bb6b-3d962554a12a"
      },
      "valueCodeableConcept" : {
        "coding" : [{
          "system" : "http://snomed.info/sct",
          "code" : "449971000124106",
          "display" : "Burial"
        }]
      }
    }
  },
  {
    "fullUrl" : "urn:uuid:7fe5c875-73b7-47e8-a30b-38adc690fb25",
    "resource" : {
      "resourceType" : "Observation",
      "id" : "7fe5c875-73b7-47e8-a30b-38adc690fb25",
      "meta" : {
        "versionId" : "1",
        "profile" : ["http://hl7.org/fhir/us/vrdr/StructureDefinition/vrdr-decedent-pregnancy-status"]
      },
      "text" : {
        "status" : "generated",
        "div" : "<div xmlns=\"http://www.w3.org/1999/xhtml\"><p><b>Generated Narrative: Observation</b><a name=\"7fe5c875-73b7-47e8-a30b-38adc690fb25\"> </a></p><div style=\"display: inline-block; background-color: #d9e0e7; padding: 6px; margin: 4px; border: 1px solid #8da1b4; border-radius: 5px; line-height: 60%\"><p style=\"margin-bottom: 0px\">Resource Observation &quot;7fe5c875-73b7-47e8-a30b-38adc690fb25&quot; Version &quot;1&quot; </p><p style=\"margin-bottom: 0px\">Profile: <a href=\"https://build.fhir.org/ig/HL7/vrdr//StructureDefinition-vrdr-decedent-pregnancy-status.html\">Decedent Pregnancy Status</a></p></div><p><b>status</b>: final</p><p><b>code</b>: Timing of recent pregnancy in relation to death <span style=\"background: LightGoldenRodYellow; margin: 4px; border: 1px solid khaki\"> (<a href=\"https://loinc.org/\">LOINC</a>#69442-2)</span></p><p><b>subject</b>: <a href=\"#Patient_c2743a4b-66aa-4f9c-bb6b-3d962554a12a\">See above (Patient/c2743a4b-66aa-4f9c-bb6b-3d962554a12a)</a></p><p><b>value</b>:  <span style=\"background: LightGoldenRodYellow; margin: 4px; border: 1px solid khaki\"> ()</span></p></div>"
      },
      "status" : "final",
      "code" : {
        "coding" : [{
          "system" : "http://loinc.org",
          "code" : "69442-2",
          "display" : "Timing of recent pregnancy in relation to death"
        }]
      },
      "subject" : {
        "reference" : "Patient/c2743a4b-66aa-4f9c-bb6b-3d962554a12a"
      },
      "valueCodeableConcept" : {
        "extension" : [{
          "url" : "http://hl7.org/fhir/us/vrdr/StructureDefinition/BypassEditFlag",
          "valueCodeableConcept" : {
            "coding" : [{
              "system" : "http://hl7.org/fhir/us/vrdr/CodeSystem/vrdr-bypass-edit-flag-cs",
              "code" : "0",
              "display" : "Edit Passed"
            }]
          }
        }]
      }
    }
  },
  {
    "fullUrl" : "urn:uuid:48ef8f86-99af-45eb-b8c9-65009d817e25",
    "resource" : {
      "resourceType" : "RelatedPerson",
      "id" : "48ef8f86-99af-45eb-b8c9-65009d817e25",
      "meta" : {
        "versionId" : "1",
        "lastUpdated" : "2023-12-28T15:14:44.5892775+00:00",
        "source" : "EDRS-IJE:Bundle/0ff2b28c-7c2b-46e1-8e30-4e0d78c4e816",
        "profile" : ["http://hl7.org/fhir/us/vrdr/StructureDefinition/vrdr-decedent-father"]
      },
      "text" : {
        "status" : "generated",
        "div" : "<div xmlns=\"http://www.w3.org/1999/xhtml\"><p><b>Generated Narrative: RelatedPerson</b><a name=\"48ef8f86-99af-45eb-b8c9-65009d817e25\"> </a></p><div style=\"display: inline-block; background-color: #d9e0e7; padding: 6px; margin: 4px; border: 1px solid #8da1b4; border-radius: 5px; line-height: 60%\"><p style=\"margin-bottom: 0px\">Resource RelatedPerson &quot;48ef8f86-99af-45eb-b8c9-65009d817e25&quot; Version &quot;1&quot; Updated &quot;2023-12-28 15:14:44+0000&quot; </p><p style=\"margin-bottom: 0px\">Information Source: EDRS-IJE:Bundle/0ff2b28c-7c2b-46e1-8e30-4e0d78c4e816!</p><p style=\"margin-bottom: 0px\">Profile: <a href=\"https://build.fhir.org/ig/HL7/vrdr//StructureDefinition-vrdr-decedent-father.html\">Decedent Father</a></p></div><p><b>active</b>: true</p><p><b>patient</b>: <a href=\"#Patient_c2743a4b-66aa-4f9c-bb6b-3d962554a12a\">See above (Patient/c2743a4b-66aa-4f9c-bb6b-3d962554a12a)</a></p><p><b>relationship</b>: Father <span style=\"background: LightGoldenRodYellow; margin: 4px; border: 1px solid khaki\"> (<a href=\"http://terminology.hl7.org/3.1.0/CodeSystem-v3-RoleCode.html\">RoleCode</a>#FTH &quot;father&quot;)</span></p><p><b>name</b>: Decedent Dad(OFFICIAL)</p></div>"
      },
      "active" : true,
      "patient" : {
        "reference" : "Patient/c2743a4b-66aa-4f9c-bb6b-3d962554a12a"
      },
      "relationship" : [{
        "coding" : [{
          "system" : "http://terminology.hl7.org/CodeSystem/v3-RoleCode",
          "code" : "FTH",
          "display" : "father"
        }],
        "text" : "Father"
      }],
      "name" : [{
        "use" : "official",
        "text" : "Decedent Dad",
        "family" : "Lineberry"
      }]
    }
  },
  {
    "fullUrl" : "urn:uuid:4b00a63b-c4e1-4592-9e86-0fbad8ca1499",
    "resource" : {
      "resourceType" : "Observation",
      "id" : "4b00a63b-c4e1-4592-9e86-0fbad8ca1499",
      "meta" : {
        "versionId" : "1",
        "lastUpdated" : "2023-12-28T15:14:44.5897801+00:00",
        "source" : "EDRS-IJE:Bundle/0ff2b28c-7c2b-46e1-8e30-4e0d78c4e816",
        "profile" : ["http://hl7.org/fhir/us/vrdr/StructureDefinition/vrdr-autopsy-performed-indicator"]
      },
      "text" : {
        "status" : "generated",
        "div" : "<div xmlns=\"http://www.w3.org/1999/xhtml\"><p><b>Generated Narrative: Observation</b><a name=\"4b00a63b-c4e1-4592-9e86-0fbad8ca1499\"> </a></p><div style=\"display: inline-block; background-color: #d9e0e7; padding: 6px; margin: 4px; border: 1px solid #8da1b4; border-radius: 5px; line-height: 60%\"><p style=\"margin-bottom: 0px\">Resource Observation &quot;4b00a63b-c4e1-4592-9e86-0fbad8ca1499&quot; Version &quot;1&quot; Updated &quot;2023-12-28 15:14:44+0000&quot; </p><p style=\"margin-bottom: 0px\">Information Source: EDRS-IJE:Bundle/0ff2b28c-7c2b-46e1-8e30-4e0d78c4e816!</p><p style=\"margin-bottom: 0px\">Profile: <a href=\"https://build.fhir.org/ig/HL7/vrdr//StructureDefinition-vrdr-autopsy-performed-indicator.html\">Autopsy Performed Indicator</a></p></div><p><b>status</b>: final</p><p><b>code</b>: Autopsy was performed <span style=\"background: LightGoldenRodYellow; margin: 4px; border: 1px solid khaki\"> (<a href=\"https://loinc.org/\">LOINC</a>#85699-7)</span></p><p><b>subject</b>: <a href=\"#Patient_c2743a4b-66aa-4f9c-bb6b-3d962554a12a\">See above (Patient/c2743a4b-66aa-4f9c-bb6b-3d962554a12a)</a></p><p><b>value</b>: unknown <span style=\"background: LightGoldenRodYellow; margin: 4px; border: 1px solid khaki\"> (<a href=\"http://terminology.hl7.org/3.1.0/CodeSystem-v3-NullFlavor.html\">NullFlavor</a>#UNK)</span></p><h3>Components</h3><table class=\"grid\"><tr><td style=\"display: none\">-</td><td><b>Code</b></td><td><b>Value[x]</b></td></tr><tr><td style=\"display: none\">*</td><td>Autopsy results available <span style=\"background: LightGoldenRodYellow; margin: 4px; border: 1px solid khaki\"> (<a href=\"https://loinc.org/\">LOINC</a>#69436-4)</span></td><td>unknown <span style=\"background: LightGoldenRodYellow; margin: 4px; border: 1px solid khaki\"> (<a href=\"http://terminology.hl7.org/3.1.0/CodeSystem-v3-NullFlavor.html\">NullFlavor</a>#UNK)</span></td></tr></table></div>"
      },
      "status" : "final",
      "code" : {
        "coding" : [{
          "system" : "http://loinc.org",
          "code" : "85699-7",
          "display" : "Autopsy was performed"
        }]
      },
      "subject" : {
        "reference" : "Patient/c2743a4b-66aa-4f9c-bb6b-3d962554a12a"
      },
      "valueCodeableConcept" : {
        "coding" : [{
          "system" : "http://terminology.hl7.org/CodeSystem/v3-NullFlavor",
          "code" : "UNK",
          "display" : "unknown"
        }]
      },
      "component" : [{
        "code" : {
          "coding" : [{
            "system" : "http://loinc.org",
            "code" : "69436-4",
            "display" : "Autopsy results available"
          }]
        },
        "valueCodeableConcept" : {
          "coding" : [{
            "system" : "http://terminology.hl7.org/CodeSystem/v3-NullFlavor",
            "code" : "UNK",
            "display" : "unknown"
          }]
        }
      }]
    }
  },
  {
    "fullUrl" : "urn:uuid:2e3a0b6f-3d57-448b-8715-1add3bc39a9c",
    "resource" : {
      "resourceType" : "Observation",
      "id" : "2e3a0b6f-3d57-448b-8715-1add3bc39a9c",
      "meta" : {
        "versionId" : "1",
        "profile" : ["http://hl7.org/fhir/us/vrdr/StructureDefinition/vrdr-tobacco-use-contributed-to-death"]
      },
      "text" : {
        "status" : "generated",
        "div" : "<div xmlns=\"http://www.w3.org/1999/xhtml\"><p><b>Generated Narrative: Observation</b><a name=\"2e3a0b6f-3d57-448b-8715-1add3bc39a9c\"> </a></p><div style=\"display: inline-block; background-color: #d9e0e7; padding: 6px; margin: 4px; border: 1px solid #8da1b4; border-radius: 5px; line-height: 60%\"><p style=\"margin-bottom: 0px\">Resource Observation &quot;2e3a0b6f-3d57-448b-8715-1add3bc39a9c&quot; Version &quot;1&quot; </p><p style=\"margin-bottom: 0px\">Profile: <a href=\"https://build.fhir.org/ig/HL7/vrdr//StructureDefinition-vrdr-tobacco-use-contributed-to-death.html\">Tobacco Use Contributed To Death</a></p></div><p><b>status</b>: final</p><p><b>code</b>: Did tobacco use contribute to death <span style=\"background: LightGoldenRodYellow; margin: 4px; border: 1px solid khaki\"> (<a href=\"https://loinc.org/\">LOINC</a>#69443-0)</span></p><p><b>subject</b>: <a href=\"#Patient_c2743a4b-66aa-4f9c-bb6b-3d962554a12a\">See above (Patient/c2743a4b-66aa-4f9c-bb6b-3d962554a12a)</a></p><p><b>value</b>: No <span style=\"background: LightGoldenRodYellow; margin: 4px; border: 1px solid khaki\"> (<a href=\"https://browser.ihtsdotools.org/\">SNOMED CT</a>#373067005)</span></p></div>"
      },
      "status" : "final",
      "code" : {
        "coding" : [{
          "system" : "http://loinc.org",
          "code" : "69443-0",
          "display" : "Did tobacco use contribute to death"
        }]
      },
      "subject" : {
        "reference" : "Patient/c2743a4b-66aa-4f9c-bb6b-3d962554a12a"
      },
      "valueCodeableConcept" : {
        "coding" : [{
          "system" : "http://snomed.info/sct",
          "code" : "373067005",
          "display" : "No"
        }]
      }
    }
  },
  {
    "fullUrl" : "urn:uuid:d230fc37-a390-4f24-83c0-03fc873e2608",
    "resource" : {
      "resourceType" : "Observation",
      "id" : "d230fc37-a390-4f24-83c0-03fc873e2608",
      "meta" : {
        "versionId" : "1",
        "lastUpdated" : "2023-12-28T15:14:44.5899342+00:00",
        "source" : "EDRS-IJE:Bundle/0ff2b28c-7c2b-46e1-8e30-4e0d78c4e816",
        "profile" : ["http://hl7.org/fhir/us/vrdr/StructureDefinition/vrdr-manner-of-death"]
      },
      "text" : {
        "status" : "generated",
        "div" : "<div xmlns=\"http://www.w3.org/1999/xhtml\"><p><b>Generated Narrative: Observation</b><a name=\"d230fc37-a390-4f24-83c0-03fc873e2608\"> </a></p><div style=\"display: inline-block; background-color: #d9e0e7; padding: 6px; margin: 4px; border: 1px solid #8da1b4; border-radius: 5px; line-height: 60%\"><p style=\"margin-bottom: 0px\">Resource Observation &quot;d230fc37-a390-4f24-83c0-03fc873e2608&quot; Version &quot;1&quot; Updated &quot;2023-12-28 15:14:44+0000&quot; </p><p style=\"margin-bottom: 0px\">Information Source: EDRS-IJE:Bundle/0ff2b28c-7c2b-46e1-8e30-4e0d78c4e816!</p><p style=\"margin-bottom: 0px\">Profile: <a href=\"https://build.fhir.org/ig/HL7/vrdr//StructureDefinition-vrdr-manner-of-death.html\">Manner of Death</a></p></div><p><b>status</b>: final</p><p><b>code</b>: Manner of death <span style=\"background: LightGoldenRodYellow; margin: 4px; border: 1px solid khaki\"> (<a href=\"https://loinc.org/\">LOINC</a>#69449-7)</span></p><p><b>subject</b>: <a href=\"#Patient_c2743a4b-66aa-4f9c-bb6b-3d962554a12a\">See above (Patient/c2743a4b-66aa-4f9c-bb6b-3d962554a12a)</a></p><p><b>performer</b>: <a href=\"#Practitioner_a9d8fc7d-f99d-419e-8c51-f57884c59540\">See above (urn:uuid:a9d8fc7d-f99d-419e-8c51-f57884c59540)</a></p><p><b>value</b>: Patient awaiting investigation <span style=\"background: LightGoldenRodYellow; margin: 4px; border: 1px solid khaki\"> (<a href=\"https://browser.ihtsdotools.org/\">SNOMED CT</a>#185973002)</span></p></div>"
      },
      "status" : "final",
      "code" : {
        "coding" : [{
          "system" : "http://loinc.org",
          "code" : "69449-7",
          "display" : "Manner of death"
        }]
      },
      "subject" : {
        "reference" : "Patient/c2743a4b-66aa-4f9c-bb6b-3d962554a12a"
      },
      "performer" : [{
        "reference" : "urn:uuid:a9d8fc7d-f99d-419e-8c51-f57884c59540"
      }],
      "valueCodeableConcept" : {
        "coding" : [{
          "system" : "http://snomed.info/sct",
          "code" : "185973002",
          "display" : "Patient awaiting investigation"
        }]
      }
    }
  },
  {
    "fullUrl" : "urn:uuid:4b670bae-5ce2-4d8f-b13f-70e8489014f1",
    "resource" : {
      "resourceType" : "Observation",
      "id" : "4b670bae-5ce2-4d8f-b13f-70e8489014f1",
      "meta" : {
        "versionId" : "1",
        "lastUpdated" : "2023-12-28T15:14:44.5900371+00:00",
        "source" : "EDRS-IJE:Bundle/0ff2b28c-7c2b-46e1-8e30-4e0d78c4e816",
        "profile" : ["http://hl7.org/fhir/us/vrdr/StructureDefinition/vrdr-input-race-and-ethnicity"]
      },
      "text" : {
        "status" : "generated",
        "div" : "<div xmlns=\"http://www.w3.org/1999/xhtml\"><p><b>Generated Narrative: Observation</b><a name=\"4b670bae-5ce2-4d8f-b13f-70e8489014f1\"> </a></p><div style=\"display: inline-block; background-color: #d9e0e7; padding: 6px; margin: 4px; border: 1px solid #8da1b4; border-radius: 5px; line-height: 60%\"><p style=\"margin-bottom: 0px\">Resource Observation &quot;4b670bae-5ce2-4d8f-b13f-70e8489014f1&quot; Version &quot;1&quot; Updated &quot;2023-12-28 15:14:44+0000&quot; </p><p style=\"margin-bottom: 0px\">Information Source: EDRS-IJE:Bundle/0ff2b28c-7c2b-46e1-8e30-4e0d78c4e816!</p><p style=\"margin-bottom: 0px\">Profile: <a href=\"https://build.fhir.org/ig/HL7/vrdr//StructureDefinition-vrdr-input-race-and-ethnicity.html\">Input Race and Ethnicity</a></p></div><p><b>status</b>: final</p><p><b>code</b>: Input Race and Ethnicity <span style=\"background: LightGoldenRodYellow; margin: 4px; border: 1px solid khaki\"> (<a href=\"https://build.fhir.org/ig/HL7/vrdr//CodeSystem-vrdr-observations-cs.html\">Local Observation Codes</a>#inputraceandethnicity)</span></p><p><b>subject</b>: <a href=\"#Patient_c2743a4b-66aa-4f9c-bb6b-3d962554a12a\">See above (Patient/c2743a4b-66aa-4f9c-bb6b-3d962554a12a)</a></p><blockquote><p><b>component</b></p><p><b>code</b>: White <span style=\"background: LightGoldenRodYellow; margin: 4px; border: 1px solid khaki\"> (<a href=\"https://build.fhir.org/ig/HL7/vrdr//CodeSystem-vrdr-component-cs.html\">Local Component Codes</a>#White)</span></p><p><b>value</b>: true</p></blockquote><blockquote><p><b>component</b></p><p><b>code</b>: Black Or African American <span style=\"background: LightGoldenRodYellow; margin: 4px; border: 1px solid khaki\"> (<a href=\"https://build.fhir.org/ig/HL7/vrdr//CodeSystem-vrdr-component-cs.html\">Local Component Codes</a>#BlackOrAfricanAmerican)</span></p><p><b>value</b>: false</p></blockquote><blockquote><p><b>component</b></p><p><b>code</b>: American Indian Or Alaskan Native <span style=\"background: LightGoldenRodYellow; margin: 4px; border: 1px solid khaki\"> (<a href=\"https://build.fhir.org/ig/HL7/vrdr//CodeSystem-vrdr-component-cs.html\">Local Component Codes</a>#AmericanIndianOrAlaskanNative)</span></p><p><b>value</b>: true</p></blockquote><blockquote><p><b>component</b></p><p><b>code</b>: Asian Indian <span style=\"background: LightGoldenRodYellow; margin: 4px; border: 1px solid khaki\"> (<a href=\"https://build.fhir.org/ig/HL7/vrdr//CodeSystem-vrdr-component-cs.html\">Local Component Codes</a>#AsianIndian)</span></p><p><b>value</b>: false</p></blockquote><blockquote><p><b>component</b></p><p><b>code</b>: Chinese <span style=\"background: LightGoldenRodYellow; margin: 4px; border: 1px solid khaki\"> (<a href=\"https://build.fhir.org/ig/HL7/vrdr//CodeSystem-vrdr-component-cs.html\">Local Component Codes</a>#Chinese)</span></p><p><b>value</b>: false</p></blockquote><blockquote><p><b>component</b></p><p><b>code</b>: Filipino <span style=\"background: LightGoldenRodYellow; margin: 4px; border: 1px solid khaki\"> (<a href=\"https://build.fhir.org/ig/HL7/vrdr//CodeSystem-vrdr-component-cs.html\">Local Component Codes</a>#Filipino)</span></p><p><b>value</b>: false</p></blockquote><blockquote><p><b>component</b></p><p><b>code</b>: Japanese <span style=\"background: LightGoldenRodYellow; margin: 4px; border: 1px solid khaki\"> (<a href=\"https://build.fhir.org/ig/HL7/vrdr//CodeSystem-vrdr-component-cs.html\">Local Component Codes</a>#Japanese)</span></p><p><b>value</b>: false</p></blockquote><blockquote><p><b>component</b></p><p><b>code</b>: Korean <span style=\"background: LightGoldenRodYellow; margin: 4px; border: 1px solid khaki\"> (<a href=\"https://build.fhir.org/ig/HL7/vrdr//CodeSystem-vrdr-component-cs.html\">Local Component Codes</a>#Korean)</span></p><p><b>value</b>: false</p></blockquote><blockquote><p><b>component</b></p><p><b>code</b>: Vietnamese <span style=\"background: LightGoldenRodYellow; margin: 4px; border: 1px solid khaki\"> (<a href=\"https://build.fhir.org/ig/HL7/vrdr//CodeSystem-vrdr-component-cs.html\">Local Component Codes</a>#Vietnamese)</span></p><p><b>value</b>: false</p></blockquote><blockquote><p><b>component</b></p><p><b>code</b>: Other Asian <span style=\"background: LightGoldenRodYellow; margin: 4px; border: 1px solid khaki\"> (<a href=\"https://build.fhir.org/ig/HL7/vrdr//CodeSystem-vrdr-component-cs.html\">Local Component Codes</a>#OtherAsian)</span></p><p><b>value</b>: false</p></blockquote><blockquote><p><b>component</b></p><p><b>code</b>: Native Hawaiian <span style=\"background: LightGoldenRodYellow; margin: 4px; border: 1px solid khaki\"> (<a href=\"https://build.fhir.org/ig/HL7/vrdr//CodeSystem-vrdr-component-cs.html\">Local Component Codes</a>#NativeHawaiian)</span></p><p><b>value</b>: false</p></blockquote><blockquote><p><b>component</b></p><p><b>code</b>: Guamanian Or Chamorro <span style=\"background: LightGoldenRodYellow; margin: 4px; border: 1px solid khaki\"> (<a href=\"https://build.fhir.org/ig/HL7/vrdr//CodeSystem-vrdr-component-cs.html\">Local Component Codes</a>#GuamanianOrChamorro)</span></p><p><b>value</b>: false</p></blockquote><blockquote><p><b>component</b></p><p><b>code</b>: Samoan <span style=\"background: LightGoldenRodYellow; margin: 4px; border: 1px solid khaki\"> (<a href=\"https://build.fhir.org/ig/HL7/vrdr//CodeSystem-vrdr-component-cs.html\">Local Component Codes</a>#Samoan)</span></p><p><b>value</b>: false</p></blockquote><blockquote><p><b>component</b></p><p><b>code</b>: Other Pacific Islander <span style=\"background: LightGoldenRodYellow; margin: 4px; border: 1px solid khaki\"> (<a href=\"https://build.fhir.org/ig/HL7/vrdr//CodeSystem-vrdr-component-cs.html\">Local Component Codes</a>#OtherPacificIslander)</span></p><p><b>value</b>: false</p></blockquote><blockquote><p><b>component</b></p><p><b>code</b>: Other Race <span style=\"background: LightGoldenRodYellow; margin: 4px; border: 1px solid khaki\"> (<a href=\"https://build.fhir.org/ig/HL7/vrdr//CodeSystem-vrdr-component-cs.html\">Local Component Codes</a>#OtherRace)</span></p><p><b>value</b>: false</p></blockquote><blockquote><p><b>component</b></p><p><b>code</b>: FirstAmericanIndianOrAlaskanNativeLiteral <span style=\"background: LightGoldenRodYellow; margin: 4px; border: 1px solid khaki\"> (<a href=\"https://build.fhir.org/ig/HL7/vrdr//CodeSystem-vrdr-component-cs.html\">Local Component Codes</a>#FirstAmericanIndianOrAlaskanNativeLiteral)</span></p><p><b>value</b>: Cheyenne</p></blockquote><blockquote><p><b>component</b></p><p><b>code</b>: Hispanic Mexican <span style=\"background: LightGoldenRodYellow; margin: 4px; border: 1px solid khaki\"> (<a href=\"https://build.fhir.org/ig/HL7/vrdr//CodeSystem-vrdr-component-cs.html\">Local Component Codes</a>#HispanicMexican)</span></p><p><b>value</b>: No <span style=\"background: LightGoldenRodYellow; margin: 4px; border: 1px solid khaki\"> (<a href=\"http://hl7.org/fhir/R4/v2/0136/index.html\">v2 Y/N Indicator</a>#N)</span></p></blockquote><blockquote><p><b>component</b></p><p><b>code</b>: Hispanic Puerto Rican <span style=\"background: LightGoldenRodYellow; margin: 4px; border: 1px solid khaki\"> (<a href=\"https://build.fhir.org/ig/HL7/vrdr//CodeSystem-vrdr-component-cs.html\">Local Component Codes</a>#HispanicPuertoRican)</span></p><p><b>value</b>: No <span style=\"background: LightGoldenRodYellow; margin: 4px; border: 1px solid khaki\"> (<a href=\"http://hl7.org/fhir/R4/v2/0136/index.html\">v2 Y/N Indicator</a>#N)</span></p></blockquote><blockquote><p><b>component</b></p><p><b>code</b>: Hispanic Cuban <span style=\"background: LightGoldenRodYellow; margin: 4px; border: 1px solid khaki\"> (<a href=\"https://build.fhir.org/ig/HL7/vrdr//CodeSystem-vrdr-component-cs.html\">Local Component Codes</a>#HispanicCuban)</span></p><p><b>value</b>: No <span style=\"background: LightGoldenRodYellow; margin: 4px; border: 1px solid khaki\"> (<a href=\"http://hl7.org/fhir/R4/v2/0136/index.html\">v2 Y/N Indicator</a>#N)</span></p></blockquote><blockquote><p><b>component</b></p><p><b>code</b>: Hispanic Other <span style=\"background: LightGoldenRodYellow; margin: 4px; border: 1px solid khaki\"> (<a href=\"https://build.fhir.org/ig/HL7/vrdr//CodeSystem-vrdr-component-cs.html\">Local Component Codes</a>#HispanicOther)</span></p><p><b>value</b>: No <span style=\"background: LightGoldenRodYellow; margin: 4px; border: 1px solid khaki\"> (<a href=\"http://hl7.org/fhir/R4/v2/0136/index.html\">v2 Y/N Indicator</a>#N)</span></p></blockquote></div>"
      },
      "status" : "final",
      "code" : {
        "coding" : [{
          "system" : "http://hl7.org/fhir/us/vrdr/CodeSystem/vrdr-observations-cs",
          "code" : "inputraceandethnicity",
          "display" : "Input Race and Ethnicity"
        }]
      },
      "subject" : {
        "reference" : "Patient/c2743a4b-66aa-4f9c-bb6b-3d962554a12a"
      },
      "component" : [{
        "code" : {
          "coding" : [{
            "system" : "http://hl7.org/fhir/us/vrdr/CodeSystem/vrdr-component-cs",
            "code" : "White",
            "display" : "White"
          }]
        },
        "valueBoolean" : true
      },
      {
        "code" : {
          "coding" : [{
            "system" : "http://hl7.org/fhir/us/vrdr/CodeSystem/vrdr-component-cs",
            "code" : "BlackOrAfricanAmerican",
            "display" : "Black Or African American"
          }]
        },
        "valueBoolean" : false
      },
      {
        "code" : {
          "coding" : [{
            "system" : "http://hl7.org/fhir/us/vrdr/CodeSystem/vrdr-component-cs",
            "code" : "AmericanIndianOrAlaskanNative",
            "display" : "American Indian Or Alaskan Native"
          }]
        },
        "valueBoolean" : true
      },
      {
        "code" : {
          "coding" : [{
            "system" : "http://hl7.org/fhir/us/vrdr/CodeSystem/vrdr-component-cs",
            "code" : "AsianIndian",
            "display" : "Asian Indian"
          }]
        },
        "valueBoolean" : false
      },
      {
        "code" : {
          "coding" : [{
            "system" : "http://hl7.org/fhir/us/vrdr/CodeSystem/vrdr-component-cs",
            "code" : "Chinese",
            "display" : "Chinese"
          }]
        },
        "valueBoolean" : false
      },
      {
        "code" : {
          "coding" : [{
            "system" : "http://hl7.org/fhir/us/vrdr/CodeSystem/vrdr-component-cs",
            "code" : "Filipino",
            "display" : "Filipino"
          }]
        },
        "valueBoolean" : false
      },
      {
        "code" : {
          "coding" : [{
            "system" : "http://hl7.org/fhir/us/vrdr/CodeSystem/vrdr-component-cs",
            "code" : "Japanese",
            "display" : "Japanese"
          }]
        },
        "valueBoolean" : false
      },
      {
        "code" : {
          "coding" : [{
            "system" : "http://hl7.org/fhir/us/vrdr/CodeSystem/vrdr-component-cs",
            "code" : "Korean",
            "display" : "Korean"
          }]
        },
        "valueBoolean" : false
      },
      {
        "code" : {
          "coding" : [{
            "system" : "http://hl7.org/fhir/us/vrdr/CodeSystem/vrdr-component-cs",
            "code" : "Vietnamese",
            "display" : "Vietnamese"
          }]
        },
        "valueBoolean" : false
      },
      {
        "code" : {
          "coding" : [{
            "system" : "http://hl7.org/fhir/us/vrdr/CodeSystem/vrdr-component-cs",
            "code" : "OtherAsian",
            "display" : "Other Asian"
          }]
        },
        "valueBoolean" : false
      },
      {
        "code" : {
          "coding" : [{
            "system" : "http://hl7.org/fhir/us/vrdr/CodeSystem/vrdr-component-cs",
            "code" : "NativeHawaiian",
            "display" : "Native Hawaiian"
          }]
        },
        "valueBoolean" : false
      },
      {
        "code" : {
          "coding" : [{
            "system" : "http://hl7.org/fhir/us/vrdr/CodeSystem/vrdr-component-cs",
            "code" : "GuamanianOrChamorro",
            "display" : "Guamanian Or Chamorro"
          }]
        },
        "valueBoolean" : false
      },
      {
        "code" : {
          "coding" : [{
            "system" : "http://hl7.org/fhir/us/vrdr/CodeSystem/vrdr-component-cs",
            "code" : "Samoan",
            "display" : "Samoan"
          }]
        },
        "valueBoolean" : false
      },
      {
        "code" : {
          "coding" : [{
            "system" : "http://hl7.org/fhir/us/vrdr/CodeSystem/vrdr-component-cs",
            "code" : "OtherPacificIslander",
            "display" : "Other Pacific Islander"
          }]
        },
        "valueBoolean" : false
      },
      {
        "code" : {
          "coding" : [{
            "system" : "http://hl7.org/fhir/us/vrdr/CodeSystem/vrdr-component-cs",
            "code" : "OtherRace",
            "display" : "Other Race"
          }]
        },
        "valueBoolean" : false
      },
      {
        "code" : {
          "coding" : [{
            "system" : "http://hl7.org/fhir/us/vrdr/CodeSystem/vrdr-component-cs",
            "code" : "FirstAmericanIndianOrAlaskanNativeLiteral",
            "display" : "FirstAmericanIndianOrAlaskanNativeLiteral"
          }]
        },
        "valueString" : "Cheyenne"
      },
      {
        "code" : {
          "coding" : [{
            "system" : "http://hl7.org/fhir/us/vrdr/CodeSystem/vrdr-component-cs",
            "code" : "HispanicMexican",
            "display" : "Hispanic Mexican"
          }]
        },
        "valueCodeableConcept" : {
          "coding" : [{
            "system" : "http://terminology.hl7.org/CodeSystem/v2-0136",
            "code" : "N",
            "display" : "No"
          }]
        }
      },
      {
        "code" : {
          "coding" : [{
            "system" : "http://hl7.org/fhir/us/vrdr/CodeSystem/vrdr-component-cs",
            "code" : "HispanicPuertoRican",
            "display" : "Hispanic Puerto Rican"
          }]
        },
        "valueCodeableConcept" : {
          "coding" : [{
            "system" : "http://terminology.hl7.org/CodeSystem/v2-0136",
            "code" : "N",
            "display" : "No"
          }]
        }
      },
      {
        "code" : {
          "coding" : [{
            "system" : "http://hl7.org/fhir/us/vrdr/CodeSystem/vrdr-component-cs",
            "code" : "HispanicCuban",
            "display" : "Hispanic Cuban"
          }]
        },
        "valueCodeableConcept" : {
          "coding" : [{
            "system" : "http://terminology.hl7.org/CodeSystem/v2-0136",
            "code" : "N",
            "display" : "No"
          }]
        }
      },
      {
        "code" : {
          "coding" : [{
            "system" : "http://hl7.org/fhir/us/vrdr/CodeSystem/vrdr-component-cs",
            "code" : "HispanicOther",
            "display" : "Hispanic Other"
          }]
        },
        "valueCodeableConcept" : {
          "coding" : [{
            "system" : "http://terminology.hl7.org/CodeSystem/v2-0136",
            "code" : "N",
            "display" : "No"
          }]
        }
      }]
    }
  }]
}