<?xml version="1.0" encoding="UTF-8"?>

<Bundle xmlns="http://hl7.org/fhir">
  <id value="0ff2b28c-7c2b-46e1-8e30-4e0d78c4e816"/>
  <meta>
    <versionId value="1"/>
    <lastUpdated value="2023-12-28T15:14:44.5935836+00:00"/>
    <source value="EDRS-IJE:Bundle/0ff2b28c-7c2b-46e1-8e30-4e0d78c4e816"/>
    <profile value="http://hl7.org/fhir/us/vrdr/StructureDefinition/vrdr-death-certificate-document"/>
  </meta>
  <identifier>
    <extension url="http://hl7.org/fhir/us/vrdr/StructureDefinition/CertificateNumber">
      <valueString value="240005"/>
    </extension>
    <system value="http://nchs.cdc.gov/vrdr_id"/>
    <value value="2023VT240005"/>
  </identifier>
  <type value="document"/>
  <timestamp value="2023-12-28T10:14:44.2659092-05:00"/>
  <entry>
    <fullUrl value="urn:uuid:4fc74bb0-c1ca-4147-9b44-c48649f792ea"/>
    <resource>
      <Composition>
        <id value="4fc74bb0-c1ca-4147-9b44-c48649f792ea"/>
        <meta>
          <versionId value="1"/>
          <lastUpdated value="2023-12-28T15:14:44.5825219+00:00"/>
          <source value="EDRS-IJE:Bundle/0ff2b28c-7c2b-46e1-8e30-4e0d78c4e816"/>
          <profile value="http://hl7.org/fhir/us/vrdr/StructureDefinition/vrdr-death-certificate"/>
        </meta>
        <text>
          <status value="generated"/><div xmlns="http://www.w3.org/1999/xhtml"><p><b>Generated Narrative: Composition</b><a name="4fc74bb0-c1ca-4147-9b44-c48649f792ea"> </a></p><div style="display: inline-block; background-color: #d9e0e7; padding: 6px; margin: 4px; border: 1px solid #8da1b4; border-radius: 5px; line-height: 60%"><p style="margin-bottom: 0px">Resource Composition &quot;4fc74bb0-c1ca-4147-9b44-c48649f792ea&quot; Version &quot;1&quot; Updated &quot;2023-12-28 15:14:44+0000&quot; </p><p style="margin-bottom: 0px">Information Source: EDRS-IJE:Bundle/0ff2b28c-7c2b-46e1-8e30-4e0d78c4e816!</p><p style="margin-bottom: 0px">Profile: <a href="https://build.fhir.org/ig/HL7/vrdr//StructureDefinition-vrdr-death-certificate.html">Death Certificate</a></p></div><p><b>status</b>: final</p><p><b>type</b>: Death certificate <span style="background: LightGoldenRodYellow; margin: 4px; border: 1px solid khaki"> (<a href="https://loinc.org/">LOINC</a>#64297-5)</span></p><p><b>date</b>: 2023-12-28 15:14:44+0000</p><p><b>author</b>: <a href="#Practitioner_a9d8fc7d-f99d-419e-8c51-f57884c59540">See above (urn:uuid:a9d8fc7d-f99d-419e-8c51-f57884c59540)</a></p><p><b>title</b>: Death Certificate</p><h3>Attesters</h3><table class="grid"><tr><td style="display: none">-</td><td><b>Mode</b></td><td><b>Party</b></td></tr><tr><td style="display: none">*</td><td>legal</td><td><a href="#Practitioner_a9d8fc7d-f99d-419e-8c51-f57884c59540">See above (urn:uuid:a9d8fc7d-f99d-419e-8c51-f57884c59540)</a></td></tr></table><h3>Events</h3><table class="grid"><tr><td style="display: none">-</td><td><b>Code</b></td><td><b>Detail</b></td></tr><tr><td style="display: none">*</td><td>Diagnostic procedure (procedure) <span style="background: LightGoldenRodYellow; margin: 4px; border: 1px solid khaki"> (<a href="https://browser.ihtsdotools.org/">SNOMED CT</a>#103693007)</span></td><td><a href="#Procedure_315a02fa-95a2-4e54-afcb-819ac2b3c299">See above (urn:uuid:315a02fa-95a2-4e54-afcb-819ac2b3c299)</a></td></tr></table></div>
        </text>
        <status value="final"/>
        <type>
          <coding>
            <system value="http://loinc.org"/>
            <code value="64297-5"/>
            <display value="Death certificate"/>
          </coding>
        </type>
        <subject>
          <reference value="Patient/c2743a4b-66aa-4f9c-bb6b-3d962554a12a"/>
        </subject>
        <date value="2023-12-28T15:14:44+00:00"/>
        <author>
          <reference value="urn:uuid:a9d8fc7d-f99d-419e-8c51-f57884c59540"/>
        </author>
        <title value="Death Certificate"/>
        <attester>
          <mode value="legal"/>
          <party>
            <reference value="urn:uuid:a9d8fc7d-f99d-419e-8c51-f57884c59540"/>
          </party>
        </attester>
        <event>
          <code>
            <coding>
              <system value="http://snomed.info/sct"/>
              <code value="103693007"/>
              <display value="Diagnostic procedure (procedure)"/>
            </coding>
          </code>
          <detail>
            <reference value="urn:uuid:315a02fa-95a2-4e54-afcb-819ac2b3c299"/>
          </detail>
        </event>
        <section>
          <code>
            <coding>
              <system value="http://hl7.org/fhir/us/vrdr/CodeSystem/vrdr-document-section-cs"/>
              <code value="DecedentDemographics"/>
            </coding>
          </code>
          <entry>
            <reference value="urn:uuid:c2743a4b-66aa-4f9c-bb6b-3d962554a12a"/>
          </entry>
          <entry>
            <reference value="urn:uuid:0075aff4-e04f-49ba-887b-27dba0b6c32f"/>
          </entry>
          <entry>
            <reference value="urn:uuid:0e836cbf-b5e7-4dbb-a7ef-729af3f93c46"/>
          </entry>
          <entry>
            <reference value="urn:uuid:3fc59c6a-372f-4744-886c-51f1c8f5b0a2"/>
          </entry>
          <entry>
            <reference value="urn:uuid:48ef8f86-99af-45eb-b8c9-65009d817e25"/>
          </entry>
          <entry>
            <reference value="urn:uuid:4b670bae-5ce2-4d8f-b13f-70e8489014f1"/>
          </entry>
        </section>
        <section>
          <code>
            <coding>
              <system value="http://hl7.org/fhir/us/vrdr/CodeSystem/vrdr-document-section-cs"/>
              <code value="DeathCertification"/>
            </coding>
          </code>
          <entry>
            <reference value="urn:uuid:a9d8fc7d-f99d-419e-8c51-f57884c59540"/>
          </entry>
          <entry>
            <reference value="urn:uuid:315a02fa-95a2-4e54-afcb-819ac2b3c299"/>
          </entry>
          <entry>
            <reference value="urn:uuid:d230fc37-a390-4f24-83c0-03fc873e2608"/>
          </entry>
        </section>
        <section>
          <code>
            <coding>
              <system value="http://hl7.org/fhir/us/vrdr/CodeSystem/vrdr-document-section-cs"/>
              <code value="DeathInvestigation"/>
            </coding>
          </code>
          <entry>
            <reference value="urn:uuid:8104f594-dcb2-4f7f-b5aa-696f36b60ff3"/>
          </entry>
          <entry>
            <reference value="urn:uuid:27286243-6cfa-4322-9db0-4fc236969690"/>
          </entry>
          <entry>
            <reference value="urn:uuid:7fe5c875-73b7-47e8-a30b-38adc690fb25"/>
          </entry>
          <entry>
            <reference value="urn:uuid:4b00a63b-c4e1-4592-9e86-0fbad8ca1499"/>
          </entry>
          <entry>
            <reference value="urn:uuid:2e3a0b6f-3d57-448b-8715-1add3bc39a9c"/>
          </entry>
        </section>
        <section>
          <code>
            <coding>
              <system value="http://hl7.org/fhir/us/vrdr/CodeSystem/vrdr-document-section-cs"/>
              <code value="DecedentDisposition"/>
            </coding>
          </code>
          <entry>
            <reference value="urn:uuid:0df53bb5-2c17-4152-baf2-e4794ca46a1c"/>
          </entry>
        </section>
      </Composition>
    </resource>
  </entry>
  <entry>
    <fullUrl value="urn:uuid:c2743a4b-66aa-4f9c-bb6b-3d962554a12a"/>
    <resource>
      <Patient>
        <id value="c2743a4b-66aa-4f9c-bb6b-3d962554a12a"/>
        <meta>
          <versionId value="1"/>
          <lastUpdated value="2023-12-28T15:14:44.5831821+00:00"/>
          <source value="EDRS-IJE:Bundle/0ff2b28c-7c2b-46e1-8e30-4e0d78c4e816"/>
          <profile value="http://hl7.org/fhir/us/vrdr/StructureDefinition/vrdr-decedent"/>
        </meta>
        <text>
          <status value="extensions"/><div xmlns="http://www.w3.org/1999/xhtml"><p><b>Generated Narrative: Patient</b><a name="c2743a4b-66aa-4f9c-bb6b-3d962554a12a"> </a></p><div style="display: inline-block; background-color: #d9e0e7; padding: 6px; margin: 4px; border: 1px solid #8da1b4; border-radius: 5px; line-height: 60%"><p style="margin-bottom: 0px">Resource Patient &quot;c2743a4b-66aa-4f9c-bb6b-3d962554a12a&quot; Version &quot;1&quot; Updated &quot;2023-12-28 15:14:44+0000&quot; </p><p style="margin-bottom: 0px">Information Source: EDRS-IJE:Bundle/0ff2b28c-7c2b-46e1-8e30-4e0d78c4e816!</p><p style="margin-bottom: 0px">Profile: <a href="https://build.fhir.org/ig/HL7/vrdr//StructureDefinition-vrdr-decedent.html">Decedent</a></p></div><p><b>NVSS SexAtDeath</b>: Male <span style="background: LightGoldenRodYellow; margin: 4px; border: 1px solid khaki"> (<a href="http://hl7.org/fhir/R4/codesystem-administrative-gender.html">AdministrativeGender</a>#male)</span></p><p><b>Birth Place</b>: City CO US </p><p><b>identifier</b>: Social Beneficiary Identifier: <a href="http://terminology.hl7.org/3.1.0/NamingSystem-ssn.html">#</a>429471420</p><p><b>name</b>: vermont res Lineberry (OFFICIAL)</p><p><b>gender</b>: unknown</p><p><b>birthDate</b>: ??</p><p><b>address</b>: 1234 Address 1 Apt Addr 2 City VT 12345 US </p><p><b>maritalStatus</b>: Never Married <span style="background: LightGoldenRodYellow; margin: 4px; border: 1px solid khaki"> (<a href="http://terminology.hl7.org/3.1.0/CodeSystem-v3-MaritalStatus.html">MaritalStatus</a>#S)</span></p></div>
        </text>
        <extension url="http://hl7.org/fhir/us/vrdr/StructureDefinition/NVSS-SexAtDeath">
          <valueCodeableConcept>
            <coding>
              <system value="http://hl7.org/fhir/administrative-gender"/>
              <code value="male"/>
              <display value="Male"/>
            </coding>
          </valueCodeableConcept>
        </extension>
        <extension url="http://hl7.org/fhir/StructureDefinition/patient-birthPlace">
          <valueAddress>
            <city value="City">
              <extension url="http://hl7.org/fhir/us/vrdr/StructureDefinition/CityCode">
                <valuePositiveInt value="2162"/>
              </extension>
            </city>
            <state value="CO">
              <extension url="http://hl7.org/fhir/us/vrdr/StructureDefinition/Location-Jurisdiction-Id">
                <valueString value="CO"/>
              </extension>
            </state>
            <country value="US"/>
          </valueAddress>
        </extension>
        <identifier>
          <type>
            <coding>
              <system value="http://terminology.hl7.org/CodeSystem/v2-0203"/>
              <code value="SB"/>
              <display value="Social Beneficiary Identifier"/>
            </coding>
          </type>
          <system value="http://hl7.org/fhir/sid/us-ssn"/>
          <value value="429471420"/>
        </identifier>
        <name>
          <use value="official"/>
          <family value="Lineberry"/>
          <given value="vermont res"/>
          <suffix value="Jr"/>
        </name>
        <gender value="unknown"/>
        <birthDate>
          <extension url="http://hl7.org/fhir/us/vrdr/StructureDefinition/PartialDate">
            <extension url="http://hl7.org/fhir/us/vrdr/StructureDefinition/Date-Year">
              <valueUnsignedInt value="2023"/>
            </extension>
            <extension url="http://hl7.org/fhir/us/vrdr/StructureDefinition/Date-Month">
              <valueUnsignedInt value="1"/>
            </extension>
            <extension url="http://hl7.org/fhir/us/vrdr/StructureDefinition/Date-Day">
              <valueUnsignedInt value="4"/>
            </extension>
          </extension>
        </birthDate>
        <address>
          <extension url="http://hl7.org/fhir/us/vrdr/StructureDefinition/WithinCityLimitsIndicator">
            <valueCoding>
              <system value="http://terminology.hl7.org/CodeSystem/v3-NullFlavor"/>
              <code value="UNK"/>
              <display value="unknown"/>
            </valueCoding>
          </extension>
          <line value="1234 Address 1 Apt Addr 2"/>
          <city value="City">
            <extension url="http://hl7.org/fhir/us/vrdr/StructureDefinition/CityCode">
              <valuePositiveInt value="2162"/>
            </extension>
          </city>
          <district value="Essex">
            <extension url="http://hl7.org/fhir/us/vrdr/StructureDefinition/DistrictCode">
              <valuePositiveInt value="50009"/>
            </extension>
          </district>
          <state value="VT"/>
          <postalCode value="12345"/>
          <country value="US"/>
        </address>
        <maritalStatus>
          <extension url="http://hl7.org/fhir/us/vrdr/StructureDefinition/BypassEditFlag">
            <valueCodeableConcept>
              <coding>
                <system value="http://hl7.org/fhir/us/vrdr/CodeSystem/vrdr-bypass-edit-flag-cs"/>
                <code value="0"/>
                <display value="Edit Passed"/>
              </coding>
            </valueCodeableConcept>
          </extension>
          <coding>
            <system value="http://terminology.hl7.org/CodeSystem/v3-MaritalStatus"/>
            <code value="S"/>
            <display value="Never Married"/>
          </coding>
        </maritalStatus>
      </Patient>
    </resource>
  </entry>
  <entry>
    <fullUrl value="urn:uuid:a9d8fc7d-f99d-419e-8c51-f57884c59540"/>
    <resource>
      <Practitioner>
        <id value="a9d8fc7d-f99d-419e-8c51-f57884c59540"/>
        <meta>
          <versionId value="1"/>
          <profile value="http://hl7.org/fhir/us/vrdr/StructureDefinition/vrdr-certifier"/>
        </meta>
        <text>
          <status value="generated"/><div xmlns="http://www.w3.org/1999/xhtml"><p><b>Generated Narrative: Practitioner</b><a name="a9d8fc7d-f99d-419e-8c51-f57884c59540"> </a></p><div style="display: inline-block; background-color: #d9e0e7; padding: 6px; margin: 4px; border: 1px solid #8da1b4; border-radius: 5px; line-height: 60%"><p style="margin-bottom: 0px">Resource Practitioner &quot;a9d8fc7d-f99d-419e-8c51-f57884c59540&quot; Version &quot;1&quot; </p><p style="margin-bottom: 0px">Profile: <a href="https://build.fhir.org/ig/HL7/vrdr//StructureDefinition-vrdr-certifier.html">Certifier</a></p></div></div>
        </text>
      </Practitioner>
    </resource>
  </entry>
  <entry>
    <fullUrl value="urn:uuid:315a02fa-95a2-4e54-afcb-819ac2b3c299"/>
    <resource>
      <Procedure>
        <id value="315a02fa-95a2-4e54-afcb-819ac2b3c299"/>
        <meta>
          <versionId value="1"/>
          <profile value="http://hl7.org/fhir/us/vrdr/StructureDefinition/vrdr-death-certification"/>
        </meta>
        <text>
          <status value="generated"/><div xmlns="http://www.w3.org/1999/xhtml"><p><b>Generated Narrative: Procedure</b><a name="315a02fa-95a2-4e54-afcb-819ac2b3c299"> </a></p><div style="display: inline-block; background-color: #d9e0e7; padding: 6px; margin: 4px; border: 1px solid #8da1b4; border-radius: 5px; line-height: 60%"><p style="margin-bottom: 0px">Resource Procedure &quot;315a02fa-95a2-4e54-afcb-819ac2b3c299&quot; Version &quot;1&quot; </p><p style="margin-bottom: 0px">Profile: <a href="https://build.fhir.org/ig/HL7/vrdr//StructureDefinition-vrdr-death-certification.html">Death Certification Procedure</a></p></div><p><b>status</b>: completed</p><p><b>category</b>: Diagnostic procedure <span style="background: LightGoldenRodYellow; margin: 4px; border: 1px solid khaki"> (<a href="https://browser.ihtsdotools.org/">SNOMED CT</a>#103693007)</span></p><p><b>code</b>: Death certification <span style="background: LightGoldenRodYellow; margin: 4px; border: 1px solid khaki"> (<a href="https://browser.ihtsdotools.org/">SNOMED CT</a>#308646001)</span></p><p><b>subject</b>: <a href="#Patient_c2743a4b-66aa-4f9c-bb6b-3d962554a12a">See above (Patient/c2743a4b-66aa-4f9c-bb6b-3d962554a12a)</a></p></div>
        </text>
        <status value="completed"/>
        <category>
          <coding>
            <system value="http://snomed.info/sct"/>
            <code value="103693007"/>
            <display value="Diagnostic procedure"/>
          </coding>
        </category>
        <code>
          <coding>
            <system value="http://snomed.info/sct"/>
            <code value="308646001"/>
            <display value="Death certification"/>
          </coding>
        </code>
        <subject>
          <reference value="Patient/c2743a4b-66aa-4f9c-bb6b-3d962554a12a"/>
        </subject>
      </Procedure>
    </resource>
  </entry>
  <entry>
    <fullUrl value="urn:uuid:8104f594-dcb2-4f7f-b5aa-696f36b60ff3"/>
    <resource>
      <Observation>
        <id value="8104f594-dcb2-4f7f-b5aa-696f36b60ff3"/>
        <meta>
          <versionId value="1"/>
          <lastUpdated value="2023-12-28T15:14:44.5883219+00:00"/>
          <source value="EDRS-IJE:Bundle/0ff2b28c-7c2b-46e1-8e30-4e0d78c4e816"/>
          <profile value="http://hl7.org/fhir/us/vrdr/StructureDefinition/vrdr-death-date"/>
        </meta>
        <text>
          <status value="generated"/><div xmlns="http://www.w3.org/1999/xhtml"><p><b>Generated Narrative: Observation</b><a name="8104f594-dcb2-4f7f-b5aa-696f36b60ff3"> </a></p><div style="display: inline-block; background-color: #d9e0e7; padding: 6px; margin: 4px; border: 1px solid #8da1b4; border-radius: 5px; line-height: 60%"><p style="margin-bottom: 0px">Resource Observation &quot;8104f594-dcb2-4f7f-b5aa-696f36b60ff3&quot; Version &quot;1&quot; Updated &quot;2023-12-28 15:14:44+0000&quot; </p><p style="margin-bottom: 0px">Information Source: EDRS-IJE:Bundle/0ff2b28c-7c2b-46e1-8e30-4e0d78c4e816!</p><p style="margin-bottom: 0px">Profile: <a href="https://build.fhir.org/ig/HL7/vrdr//StructureDefinition-vrdr-death-date.html">Death Date</a></p></div><p><b>status</b>: final</p><p><b>code</b>: Date+time of death <span style="background: LightGoldenRodYellow; margin: 4px; border: 1px solid khaki"> (<a href="https://loinc.org/">LOINC</a>#81956-5)</span></p><p><b>subject</b>: <a href="#Patient_c2743a4b-66aa-4f9c-bb6b-3d962554a12a">See above (Patient/c2743a4b-66aa-4f9c-bb6b-3d962554a12a)</a></p><p><b>value</b>: ??</p><h3>Components</h3><table class="grid"><tr><td style="display: none">-</td><td><b>Code</b></td><td><b>Value[x]</b></td></tr><tr><td style="display: none">*</td><td>Location of death <span style="background: LightGoldenRodYellow; margin: 4px; border: 1px solid khaki"> (<a href="https://loinc.org/">LOINC</a>#58332-8)</span></td><td>Death in hospital <span style="background: LightGoldenRodYellow; margin: 4px; border: 1px solid khaki"> (<a href="https://browser.ihtsdotools.org/">SNOMED CT</a>#16983000)</span></td></tr></table></div>
        </text>
        <status value="final"/>
        <code>
          <coding>
            <system value="http://loinc.org"/>
            <code value="81956-5"/>
            <display value="Date+time of death"/>
          </coding>
        </code>
        <subject>
          <reference value="Patient/c2743a4b-66aa-4f9c-bb6b-3d962554a12a"/>
        </subject>
        <valueDateTime>
          <extension url="http://hl7.org/fhir/us/vrdr/StructureDefinition/PartialDateTime">
            <extension url="http://hl7.org/fhir/us/vrdr/StructureDefinition/Date-Year">
              <valueUnsignedInt value="2023"/>
            </extension>
            <extension url="http://hl7.org/fhir/us/vrdr/StructureDefinition/Date-Month">
              <valueUnsignedInt value="1"/>
            </extension>
            <extension url="http://hl7.org/fhir/us/vrdr/StructureDefinition/Date-Day">
              <valueUnsignedInt value="17"/>
            </extension>
            <extension url="http://hl7.org/fhir/us/vrdr/StructureDefinition/Date-Time">
              <valueTime value="18:23:00"/>
            </extension>
          </extension>
        </valueDateTime>
        <component>
          <code>
            <coding>
              <system value="http://loinc.org"/>
              <code value="58332-8"/>
              <display value="Location of death"/>
            </coding>
          </code>
          <valueCodeableConcept>
            <coding>
              <system value="http://snomed.info/sct"/>
              <code value="16983000"/>
              <display value="Death in hospital"/>
            </coding>
          </valueCodeableConcept>
        </component>
      </Observation>
    </resource>
  </entry>
  <entry>
    <fullUrl value="urn:uuid:27286243-6cfa-4322-9db0-4fc236969690"/>
    <resource>
      <Location>
        <id value="27286243-6cfa-4322-9db0-4fc236969690"/>
        <meta>
          <versionId value="1"/>
          <lastUpdated value="2023-12-28T15:14:44.5885576+00:00"/>
          <source value="EDRS-IJE:Bundle/0ff2b28c-7c2b-46e1-8e30-4e0d78c4e816"/>
          <profile value="http://hl7.org/fhir/us/vrdr/StructureDefinition/vrdr-death-location"/>
        </meta>
        <text>
          <status value="generated"/><div xmlns="http://www.w3.org/1999/xhtml"><p><b>Generated Narrative: Location</b><a name="27286243-6cfa-4322-9db0-4fc236969690"> </a></p><div style="display: inline-block; background-color: #d9e0e7; padding: 6px; margin: 4px; border: 1px solid #8da1b4; border-radius: 5px; line-height: 60%"><p style="margin-bottom: 0px">Resource Location &quot;27286243-6cfa-4322-9db0-4fc236969690&quot; Version &quot;1&quot; Updated &quot;2023-12-28 15:14:44+0000&quot; </p><p style="margin-bottom: 0px">Information Source: EDRS-IJE:Bundle/0ff2b28c-7c2b-46e1-8e30-4e0d78c4e816!</p><p style="margin-bottom: 0px">Profile: <a href="https://build.fhir.org/ig/HL7/vrdr//StructureDefinition-vrdr-death-location.html">Death Location</a></p></div><p><b>name</b>: BLANK</p><p><b>type</b>: death location <span style="background: LightGoldenRodYellow; margin: 4px; border: 1px solid khaki"> (<a href="https://build.fhir.org/ig/HL7/vrdr//CodeSystem-vrdr-location-type-cs.html">Location Type Code System</a>#death)</span></p><p><b>address</b>: City VT 12345 US </p></div>
        </text>
        <name value="BLANK"/>
        <type>
          <coding>
            <system value="http://hl7.org/fhir/us/vrdr/CodeSystem/vrdr-location-type-cs"/>
            <code value="death"/>
            <display value="death location"/>
          </coding>
        </type>
        <address>
          <city value="City">
            <extension url="http://hl7.org/fhir/us/vrdr/StructureDefinition/CityCode">
              <valuePositiveInt value="2162"/>
            </extension>
          </city>
          <district>
            <extension url="http://hl7.org/fhir/us/vrdr/StructureDefinition/DistrictCode">
              <valuePositiveInt value="50009"/>
            </extension>
          </district>
          <state value="VT">
            <extension url="http://hl7.org/fhir/us/vrdr/StructureDefinition/Location-Jurisdiction-Id">
              <valueString value="VT"/>
            </extension>
          </state>
          <postalCode value="12345"/>
          <country value="US"/>
        </address>
      </Location>
    </resource>
  </entry>
  <entry>
    <fullUrl value="urn:uuid:0075aff4-e04f-49ba-887b-27dba0b6c32f"/>
    <resource>
      <Observation>
        <id value="0075aff4-e04f-49ba-887b-27dba0b6c32f"/>
        <meta>
          <versionId value="1"/>
          <lastUpdated value="2023-12-28T15:14:44.5886909+00:00"/>
          <source value="EDRS-IJE:Bundle/0ff2b28c-7c2b-46e1-8e30-4e0d78c4e816"/>
          <profile value="http://hl7.org/fhir/us/vrdr/StructureDefinition/vrdr-decedent-age"/>
        </meta>
        <text>
          <status value="generated"/><div xmlns="http://www.w3.org/1999/xhtml"><p><b>Generated Narrative: Observation</b><a name="0075aff4-e04f-49ba-887b-27dba0b6c32f"> </a></p><div style="display: inline-block; background-color: #d9e0e7; padding: 6px; margin: 4px; border: 1px solid #8da1b4; border-radius: 5px; line-height: 60%"><p style="margin-bottom: 0px">Resource Observation &quot;0075aff4-e04f-49ba-887b-27dba0b6c32f&quot; Version &quot;1&quot; Updated &quot;2023-12-28 15:14:44+0000&quot; </p><p style="margin-bottom: 0px">Information Source: EDRS-IJE:Bundle/0ff2b28c-7c2b-46e1-8e30-4e0d78c4e816!</p><p style="margin-bottom: 0px">Profile: <a href="https://build.fhir.org/ig/HL7/vrdr//StructureDefinition-vrdr-decedent-age.html">Decedent Age</a></p></div><p><b>status</b>: final</p><p><b>code</b>: Age at death <span style="background: LightGoldenRodYellow; margin: 4px; border: 1px solid khaki"> (<a href="https://loinc.org/">LOINC</a>#39016-1)</span></p><p><b>subject</b>: <a href="#Patient_c2743a4b-66aa-4f9c-bb6b-3d962554a12a">See above (Patient/c2743a4b-66aa-4f9c-bb6b-3d962554a12a)</a></p><p><b>value</b>: 3 Months<span style="background: LightGoldenRodYellow"> (Details: UCUM code mo = 'mo')</span></p></div>
        </text>
        <status value="final"/>
        <code>
          <coding>
            <system value="http://loinc.org"/>
            <code value="39016-1"/>
            <display value="Age at death"/>
          </coding>
        </code>
        <subject>
          <reference value="Patient/c2743a4b-66aa-4f9c-bb6b-3d962554a12a"/>
        </subject>
        <valueQuantity>
          <extension url="http://hl7.org/fhir/us/vrdr/StructureDefinition/BypassEditFlag">
            <valueCodeableConcept>
              <coding>
                <system value="http://hl7.org/fhir/us/vrdr/CodeSystem/vrdr-bypass-edit-flag-cs"/>
                <code value="0"/>
                <display value="Edit Passed"/>
              </coding>
            </valueCodeableConcept>
          </extension>
          <value value="3"/>
          <unit value="Months"/>
          <system value="http://unitsofmeasure.org"/>
          <code value="mo"/>
        </valueQuantity>
      </Observation>
    </resource>
  </entry>
  <entry>
    <fullUrl value="urn:uuid:0e836cbf-b5e7-4dbb-a7ef-729af3f93c46"/>
    <resource>
      <Observation>
        <id value="0e836cbf-b5e7-4dbb-a7ef-729af3f93c46"/>
        <meta>
          <versionId value="1"/>
          <lastUpdated value="2023-12-28T15:14:44.5888268+00:00"/>
          <source value="EDRS-IJE:Bundle/0ff2b28c-7c2b-46e1-8e30-4e0d78c4e816"/>
          <profile value="http://hl7.org/fhir/us/vrdr/StructureDefinition/vrdr-decedent-education-level"/>
        </meta>
        <text>
          <status value="generated"/><div xmlns="http://www.w3.org/1999/xhtml"><p><b>Generated Narrative: Observation</b><a name="0e836cbf-b5e7-4dbb-a7ef-729af3f93c46"> </a></p><div style="display: inline-block; background-color: #d9e0e7; padding: 6px; margin: 4px; border: 1px solid #8da1b4; border-radius: 5px; line-height: 60%"><p style="margin-bottom: 0px">Resource Observation &quot;0e836cbf-b5e7-4dbb-a7ef-729af3f93c46&quot; Version &quot;1&quot; Updated &quot;2023-12-28 15:14:44+0000&quot; </p><p style="margin-bottom: 0px">Information Source: EDRS-IJE:Bundle/0ff2b28c-7c2b-46e1-8e30-4e0d78c4e816!</p><p style="margin-bottom: 0px">Profile: <a href="https://build.fhir.org/ig/HL7/vrdr//StructureDefinition-vrdr-decedent-education-level.html">Decedent Education Level</a></p></div><p><b>status</b>: final</p><p><b>code</b>: Highest level of education [US Standard Certificate of Death] <span style="background: LightGoldenRodYellow; margin: 4px; border: 1px solid khaki"> (<a href="https://loinc.org/">LOINC</a>#80913-7)</span></p><p><b>subject</b>: <a href="#Patient_c2743a4b-66aa-4f9c-bb6b-3d962554a12a">See above (Patient/c2743a4b-66aa-4f9c-bb6b-3d962554a12a)</a></p><p><b>value</b>: Elementary School <span style="background: LightGoldenRodYellow; margin: 4px; border: 1px solid khaki"> (<a href="http://terminology.hl7.org/3.1.0/CodeSystem-v3-EducationLevel.html">Education Level</a>#ELEM)</span></p></div>
        </text>
        <status value="final"/>
        <code>
          <coding>
            <system value="http://loinc.org"/>
            <code value="80913-7"/>
            <display value="Highest level of education [US Standard Certificate of Death]"/>
          </coding>
        </code>
        <subject>
          <reference value="Patient/c2743a4b-66aa-4f9c-bb6b-3d962554a12a"/>
        </subject>
        <valueCodeableConcept>
          <extension url="http://hl7.org/fhir/us/vrdr/StructureDefinition/BypassEditFlag">
            <valueCodeableConcept>
              <coding>
                <system value="http://hl7.org/fhir/us/vrdr/CodeSystem/vrdr-bypass-edit-flag-cs"/>
                <code value="0"/>
                <display value="Edit Passed"/>
              </coding>
            </valueCodeableConcept>
          </extension>
          <coding>
            <system value="http://terminology.hl7.org/CodeSystem/v3-EducationLevel"/>
            <code value="ELEM"/>
            <display value="Elementary School"/>
          </coding>
        </valueCodeableConcept>
      </Observation>
    </resource>
  </entry>
  <entry>
    <fullUrl value="urn:uuid:3fc59c6a-372f-4744-886c-51f1c8f5b0a2"/>
    <resource>
      <Observation>
        <id value="3fc59c6a-372f-4744-886c-51f1c8f5b0a2"/>
        <meta>
          <versionId value="1"/>
          <profile value="http://hl7.org/fhir/us/vrdr/StructureDefinition/vrdr-decedent-usual-work"/>
        </meta>
        <text>
          <status value="generated"/><div xmlns="http://www.w3.org/1999/xhtml"><p><b>Generated Narrative: Observation</b><a name="3fc59c6a-372f-4744-886c-51f1c8f5b0a2"> </a></p><div style="display: inline-block; background-color: #d9e0e7; padding: 6px; margin: 4px; border: 1px solid #8da1b4; border-radius: 5px; line-height: 60%"><p style="margin-bottom: 0px">Resource Observation &quot;3fc59c6a-372f-4744-886c-51f1c8f5b0a2&quot; Version &quot;1&quot; </p><p style="margin-bottom: 0px">Profile: <a href="https://build.fhir.org/ig/HL7/vrdr//StructureDefinition-vrdr-decedent-usual-work.html">Decedent Usual Work</a></p></div><p><b>status</b>: final</p><p><b>category</b>: Social History <span style="background: LightGoldenRodYellow; margin: 4px; border: 1px solid khaki"> (<a href="http://terminology.hl7.org/3.1.0/CodeSystem-observation-category.html">Observation Category Codes</a>#social-history)</span></p><p><b>code</b>: History of Usual occupation <span style="background: LightGoldenRodYellow; margin: 4px; border: 1px solid khaki"> (<a href="https://loinc.org/">LOINC</a>#21843-8)</span></p><p><b>subject</b>: <a href="#Patient_c2743a4b-66aa-4f9c-bb6b-3d962554a12a">See above (Patient/c2743a4b-66aa-4f9c-bb6b-3d962554a12a)</a></p><p><b>value</b>: Infant <span style="background: LightGoldenRodYellow; margin: 4px; border: 1px solid khaki"> (<a href="http://terminology.hl7.org/3.1.0/CodeSystem-v3-NullFlavor.html">NullFlavor</a>#UNK &quot;unknown&quot;)</span></p><h3>Components</h3><table class="grid"><tr><td style="display: none">-</td><td><b>Code</b></td><td><b>Value[x]</b></td></tr><tr><td style="display: none">*</td><td>History of Usual industry <span style="background: LightGoldenRodYellow; margin: 4px; border: 1px solid khaki"> (<a href="https://loinc.org/">LOINC</a>#21844-6)</span></td><td>Never Worked <span style="background: LightGoldenRodYellow; margin: 4px; border: 1px solid khaki"> (<a href="http://terminology.hl7.org/3.1.0/CodeSystem-v3-NullFlavor.html">NullFlavor</a>#UNK &quot;unknown&quot;)</span></td></tr></table></div>
        </text>
        <status value="final"/>
        <category>
          <coding>
            <system value="http://terminology.hl7.org/CodeSystem/observation-category"/>
            <code value="social-history"/>
          </coding>
        </category>
        <code>
          <coding>
            <system value="http://loinc.org"/>
            <code value="21843-8"/>
            <display value="History of Usual occupation"/>
          </coding>
        </code>
        <subject>
          <reference value="Patient/c2743a4b-66aa-4f9c-bb6b-3d962554a12a"/>
        </subject>
        <valueCodeableConcept>
          <coding>
            <system value="http://terminology.hl7.org/CodeSystem/v3-NullFlavor"/>
            <code value="UNK"/>
            <display value="unknown"/>
          </coding>
          <text value="Infant"/>
        </valueCodeableConcept>
        <component>
          <code>
            <coding>
              <system value="http://loinc.org"/>
              <code value="21844-6"/>
              <display value="History of Usual industry"/>
            </coding>
          </code>
          <valueCodeableConcept>
            <coding>
              <system value="http://terminology.hl7.org/CodeSystem/v3-NullFlavor"/>
              <code value="UNK"/>
              <display value="unknown"/>
            </coding>
            <text value="Never Worked"/>
          </valueCodeableConcept>
        </component>
      </Observation>
    </resource>
  </entry>
  <entry>
    <fullUrl value="urn:uuid:0df53bb5-2c17-4152-baf2-e4794ca46a1c"/>
    <resource>
      <Observation>
        <id value="0df53bb5-2c17-4152-baf2-e4794ca46a1c"/>
        <meta>
          <versionId value="1"/>
          <lastUpdated value="2023-12-28T15:14:44.5889498+00:00"/>
          <source value="EDRS-IJE:Bundle/0ff2b28c-7c2b-46e1-8e30-4e0d78c4e816"/>
          <profile value="http://hl7.org/fhir/us/vrdr/StructureDefinition/vrdr-decedent-disposition-method"/>
        </meta>
        <text>
          <status value="generated"/><div xmlns="http://www.w3.org/1999/xhtml"><p><b>Generated Narrative: Observation</b><a name="0df53bb5-2c17-4152-baf2-e4794ca46a1c"> </a></p><div style="display: inline-block; background-color: #d9e0e7; padding: 6px; margin: 4px; border: 1px solid #8da1b4; border-radius: 5px; line-height: 60%"><p style="margin-bottom: 0px">Resource Observation &quot;0df53bb5-2c17-4152-baf2-e4794ca46a1c&quot; Version &quot;1&quot; Updated &quot;2023-12-28 15:14:44+0000&quot; </p><p style="margin-bottom: 0px">Information Source: EDRS-IJE:Bundle/0ff2b28c-7c2b-46e1-8e30-4e0d78c4e816!</p><p style="margin-bottom: 0px">Profile: <a href="https://build.fhir.org/ig/HL7/vrdr//StructureDefinition-vrdr-decedent-disposition-method.html">Decedent Disposition Method</a></p></div><p><b>status</b>: final</p><p><b>code</b>: Body disposition method <span style="background: LightGoldenRodYellow; margin: 4px; border: 1px solid khaki"> (<a href="https://loinc.org/">LOINC</a>#80905-3)</span></p><p><b>subject</b>: <a href="#Patient_c2743a4b-66aa-4f9c-bb6b-3d962554a12a">See above (Patient/c2743a4b-66aa-4f9c-bb6b-3d962554a12a)</a></p><p><b>value</b>: Burial <span style="background: LightGoldenRodYellow; margin: 4px; border: 1px solid khaki"> (<a href="https://browser.ihtsdotools.org/">SNOMED CT</a>#449971000124106)</span></p></div>
        </text>
        <status value="final"/>
        <code>
          <coding>
            <system value="http://loinc.org"/>
            <code value="80905-3"/>
            <display value="Body disposition method"/>
          </coding>
        </code>
        <subject>
          <reference value="Patient/c2743a4b-66aa-4f9c-bb6b-3d962554a12a"/>
        </subject>
        <valueCodeableConcept>
          <coding>
            <system value="http://snomed.info/sct"/>
            <code value="449971000124106"/>
            <display value="Burial"/>
          </coding>
        </valueCodeableConcept>
      </Observation>
    </resource>
  </entry>
  <entry>
    <fullUrl value="urn:uuid:7fe5c875-73b7-47e8-a30b-38adc690fb25"/>
    <resource>
      <Observation>
        <id value="7fe5c875-73b7-47e8-a30b-38adc690fb25"/>
        <meta>
          <versionId value="1"/>
          <profile value="http://hl7.org/fhir/us/vrdr/StructureDefinition/vrdr-decedent-pregnancy-status"/>
        </meta>
        <text>
          <status value="generated"/><div xmlns="http://www.w3.org/1999/xhtml"><p><b>Generated Narrative: Observation</b><a name="7fe5c875-73b7-47e8-a30b-38adc690fb25"> </a></p><div style="display: inline-block; background-color: #d9e0e7; padding: 6px; margin: 4px; border: 1px solid #8da1b4; border-radius: 5px; line-height: 60%"><p style="margin-bottom: 0px">Resource Observation &quot;7fe5c875-73b7-47e8-a30b-38adc690fb25&quot; Version &quot;1&quot; </p><p style="margin-bottom: 0px">Profile: <a href="https://build.fhir.org/ig/HL7/vrdr//StructureDefinition-vrdr-decedent-pregnancy-status.html">Decedent Pregnancy Status</a></p></div><p><b>status</b>: final</p><p><b>code</b>: Timing of recent pregnancy in relation to death <span style="background: LightGoldenRodYellow; margin: 4px; border: 1px solid khaki"> (<a href="https://loinc.org/">LOINC</a>#69442-2)</span></p><p><b>subject</b>: <a href="#Patient_c2743a4b-66aa-4f9c-bb6b-3d962554a12a">See above (Patient/c2743a4b-66aa-4f9c-bb6b-3d962554a12a)</a></p><p><b>value</b>:  <span style="background: LightGoldenRodYellow; margin: 4px; border: 1px solid khaki"> ()</span></p></div>
        </text>
        <status value="final"/>
        <code>
          <coding>
            <system value="http://loinc.org"/>
            <code value="69442-2"/>
            <display value="Timing of recent pregnancy in relation to death"/>
          </coding>
        </code>
        <subject>
          <reference value="Patient/c2743a4b-66aa-4f9c-bb6b-3d962554a12a"/>
        </subject>
        <valueCodeableConcept>
          <extension url="http://hl7.org/fhir/us/vrdr/StructureDefinition/BypassEditFlag">
            <valueCodeableConcept>
              <coding>
                <system value="http://hl7.org/fhir/us/vrdr/CodeSystem/vrdr-bypass-edit-flag-cs"/>
                <code value="0"/>
                <display value="Edit Passed"/>
              </coding>
            </valueCodeableConcept>
          </extension>
        </valueCodeableConcept>
      </Observation>
    </resource>
  </entry>
  <entry>
    <fullUrl value="urn:uuid:48ef8f86-99af-45eb-b8c9-65009d817e25"/>
    <resource>
      <RelatedPerson>
        <id value="48ef8f86-99af-45eb-b8c9-65009d817e25"/>
        <meta>
          <versionId value="1"/>
          <lastUpdated value="2023-12-28T15:14:44.5892775+00:00"/>
          <source value="EDRS-IJE:Bundle/0ff2b28c-7c2b-46e1-8e30-4e0d78c4e816"/>
          <profile value="http://hl7.org/fhir/us/vrdr/StructureDefinition/vrdr-decedent-father"/>
        </meta>
        <text>
          <status value="generated"/><div xmlns="http://www.w3.org/1999/xhtml"><p><b>Generated Narrative: RelatedPerson</b><a name="48ef8f86-99af-45eb-b8c9-65009d817e25"> </a></p><div style="display: inline-block; background-color: #d9e0e7; padding: 6px; margin: 4px; border: 1px solid #8da1b4; border-radius: 5px; line-height: 60%"><p style="margin-bottom: 0px">Resource RelatedPerson &quot;48ef8f86-99af-45eb-b8c9-65009d817e25&quot; Version &quot;1&quot; Updated &quot;2023-12-28 15:14:44+0000&quot; </p><p style="margin-bottom: 0px">Information Source: EDRS-IJE:Bundle/0ff2b28c-7c2b-46e1-8e30-4e0d78c4e816!</p><p style="margin-bottom: 0px">Profile: <a href="https://build.fhir.org/ig/HL7/vrdr//StructureDefinition-vrdr-decedent-father.html">Decedent Father</a></p></div><p><b>active</b>: true</p><p><b>patient</b>: <a href="#Patient_c2743a4b-66aa-4f9c-bb6b-3d962554a12a">See above (Patient/c2743a4b-66aa-4f9c-bb6b-3d962554a12a)</a></p><p><b>relationship</b>: Father <span style="background: LightGoldenRodYellow; margin: 4px; border: 1px solid khaki"> (<a href="http://terminology.hl7.org/3.1.0/CodeSystem-v3-RoleCode.html">RoleCode</a>#FTH &quot;father&quot;)</span></p><p><b>name</b>: Decedent Dad(OFFICIAL)</p></div>
        </text>
        <active value="true"/>
        <patient>
          <reference value="Patient/c2743a4b-66aa-4f9c-bb6b-3d962554a12a"/>
        </patient>
        <relationship>
          <coding>
            <system value="http://terminology.hl7.org/CodeSystem/v3-RoleCode"/>
            <code value="FTH"/>
            <display value="father"/>
          </coding>
          <text value="Father"/>
        </relationship>
        <name>
          <use value="official"/>
          <text value="Decedent Dad"/>
          <family value="Lineberry"/>
        </name>
      </RelatedPerson>
    </resource>
  </entry>
  <entry>
    <fullUrl value="urn:uuid:4b00a63b-c4e1-4592-9e86-0fbad8ca1499"/>
    <resource>
      <Observation>
        <id value="4b00a63b-c4e1-4592-9e86-0fbad8ca1499"/>
        <meta>
          <versionId value="1"/>
          <lastUpdated value="2023-12-28T15:14:44.5897801+00:00"/>
          <source value="EDRS-IJE:Bundle/0ff2b28c-7c2b-46e1-8e30-4e0d78c4e816"/>
          <profile value="http://hl7.org/fhir/us/vrdr/StructureDefinition/vrdr-autopsy-performed-indicator"/>
        </meta>
        <text>
          <status value="generated"/><div xmlns="http://www.w3.org/1999/xhtml"><p><b>Generated Narrative: Observation</b><a name="4b00a63b-c4e1-4592-9e86-0fbad8ca1499"> </a></p><div style="display: inline-block; background-color: #d9e0e7; padding: 6px; margin: 4px; border: 1px solid #8da1b4; border-radius: 5px; line-height: 60%"><p style="margin-bottom: 0px">Resource Observation &quot;4b00a63b-c4e1-4592-9e86-0fbad8ca1499&quot; Version &quot;1&quot; Updated &quot;2023-12-28 15:14:44+0000&quot; </p><p style="margin-bottom: 0px">Information Source: EDRS-IJE:Bundle/0ff2b28c-7c2b-46e1-8e30-4e0d78c4e816!</p><p style="margin-bottom: 0px">Profile: <a href="https://build.fhir.org/ig/HL7/vrdr//StructureDefinition-vrdr-autopsy-performed-indicator.html">Autopsy Performed Indicator</a></p></div><p><b>status</b>: final</p><p><b>code</b>: Autopsy was performed <span style="background: LightGoldenRodYellow; margin: 4px; border: 1px solid khaki"> (<a href="https://loinc.org/">LOINC</a>#85699-7)</span></p><p><b>subject</b>: <a href="#Patient_c2743a4b-66aa-4f9c-bb6b-3d962554a12a">See above (Patient/c2743a4b-66aa-4f9c-bb6b-3d962554a12a)</a></p><p><b>value</b>: unknown <span style="background: LightGoldenRodYellow; margin: 4px; border: 1px solid khaki"> (<a href="http://terminology.hl7.org/3.1.0/CodeSystem-v3-NullFlavor.html">NullFlavor</a>#UNK)</span></p><h3>Components</h3><table class="grid"><tr><td style="display: none">-</td><td><b>Code</b></td><td><b>Value[x]</b></td></tr><tr><td style="display: none">*</td><td>Autopsy results available <span style="background: LightGoldenRodYellow; margin: 4px; border: 1px solid khaki"> (<a href="https://loinc.org/">LOINC</a>#69436-4)</span></td><td>unknown <span style="background: LightGoldenRodYellow; margin: 4px; border: 1px solid khaki"> (<a href="http://terminology.hl7.org/3.1.0/CodeSystem-v3-NullFlavor.html">NullFlavor</a>#UNK)</span></td></tr></table></div>
        </text>
        <status value="final"/>
        <code>
          <coding>
            <system value="http://loinc.org"/>
            <code value="85699-7"/>
            <display value="Autopsy was performed"/>
          </coding>
        </code>
        <subject>
          <reference value="Patient/c2743a4b-66aa-4f9c-bb6b-3d962554a12a"/>
        </subject>
        <valueCodeableConcept>
          <coding>
            <system value="http://terminology.hl7.org/CodeSystem/v3-NullFlavor"/>
            <code value="UNK"/>
            <display value="unknown"/>
          </coding>
        </valueCodeableConcept>
        <component>
          <code>
            <coding>
              <system value="http://loinc.org"/>
              <code value="69436-4"/>
              <display value="Autopsy results available"/>
            </coding>
          </code>
          <valueCodeableConcept>
            <coding>
              <system value="http://terminology.hl7.org/CodeSystem/v3-NullFlavor"/>
              <code value="UNK"/>
              <display value="unknown"/>
            </coding>
          </valueCodeableConcept>
        </component>
      </Observation>
    </resource>
  </entry>
  <entry>
    <fullUrl value="urn:uuid:2e3a0b6f-3d57-448b-8715-1add3bc39a9c"/>
    <resource>
      <Observation>
        <id value="2e3a0b6f-3d57-448b-8715-1add3bc39a9c"/>
        <meta>
          <versionId value="1"/>
          <profile value="http://hl7.org/fhir/us/vrdr/StructureDefinition/vrdr-tobacco-use-contributed-to-death"/>
        </meta>
        <text>
          <status value="generated"/><div xmlns="http://www.w3.org/1999/xhtml"><p><b>Generated Narrative: Observation</b><a name="2e3a0b6f-3d57-448b-8715-1add3bc39a9c"> </a></p><div style="display: inline-block; background-color: #d9e0e7; padding: 6px; margin: 4px; border: 1px solid #8da1b4; border-radius: 5px; line-height: 60%"><p style="margin-bottom: 0px">Resource Observation &quot;2e3a0b6f-3d57-448b-8715-1add3bc39a9c&quot; Version &quot;1&quot; </p><p style="margin-bottom: 0px">Profile: <a href="https://build.fhir.org/ig/HL7/vrdr//StructureDefinition-vrdr-tobacco-use-contributed-to-death.html">Tobacco Use Contributed To Death</a></p></div><p><b>status</b>: final</p><p><b>code</b>: Did tobacco use contribute to death <span style="background: LightGoldenRodYellow; margin: 4px; border: 1px solid khaki"> (<a href="https://loinc.org/">LOINC</a>#69443-0)</span></p><p><b>subject</b>: <a href="#Patient_c2743a4b-66aa-4f9c-bb6b-3d962554a12a">See above (Patient/c2743a4b-66aa-4f9c-bb6b-3d962554a12a)</a></p><p><b>value</b>: No <span style="background: LightGoldenRodYellow; margin: 4px; border: 1px solid khaki"> (<a href="https://browser.ihtsdotools.org/">SNOMED CT</a>#373067005)</span></p></div>
        </text>
        <status value="final"/>
        <code>
          <coding>
            <system value="http://loinc.org"/>
            <code value="69443-0"/>
            <display value="Did tobacco use contribute to death"/>
          </coding>
        </code>
        <subject>
          <reference value="Patient/c2743a4b-66aa-4f9c-bb6b-3d962554a12a"/>
        </subject>
        <valueCodeableConcept>
          <coding>
            <system value="http://snomed.info/sct"/>
            <code value="373067005"/>
            <display value="No"/>
          </coding>
        </valueCodeableConcept>
      </Observation>
    </resource>
  </entry>
  <entry>
    <fullUrl value="urn:uuid:d230fc37-a390-4f24-83c0-03fc873e2608"/>
    <resource>
      <Observation>
        <id value="d230fc37-a390-4f24-83c0-03fc873e2608"/>
        <meta>
          <versionId value="1"/>
          <lastUpdated value="2023-12-28T15:14:44.5899342+00:00"/>
          <source value="EDRS-IJE:Bundle/0ff2b28c-7c2b-46e1-8e30-4e0d78c4e816"/>
          <profile value="http://hl7.org/fhir/us/vrdr/StructureDefinition/vrdr-manner-of-death"/>
        </meta>
        <text>
          <status value="generated"/><div xmlns="http://www.w3.org/1999/xhtml"><p><b>Generated Narrative: Observation</b><a name="d230fc37-a390-4f24-83c0-03fc873e2608"> </a></p><div style="display: inline-block; background-color: #d9e0e7; padding: 6px; margin: 4px; border: 1px solid #8da1b4; border-radius: 5px; line-height: 60%"><p style="margin-bottom: 0px">Resource Observation &quot;d230fc37-a390-4f24-83c0-03fc873e2608&quot; Version &quot;1&quot; Updated &quot;2023-12-28 15:14:44+0000&quot; </p><p style="margin-bottom: 0px">Information Source: EDRS-IJE:Bundle/0ff2b28c-7c2b-46e1-8e30-4e0d78c4e816!</p><p style="margin-bottom: 0px">Profile: <a href="https://build.fhir.org/ig/HL7/vrdr//StructureDefinition-vrdr-manner-of-death.html">Manner of Death</a></p></div><p><b>status</b>: final</p><p><b>code</b>: Manner of death <span style="background: LightGoldenRodYellow; margin: 4px; border: 1px solid khaki"> (<a href="https://loinc.org/">LOINC</a>#69449-7)</span></p><p><b>subject</b>: <a href="#Patient_c2743a4b-66aa-4f9c-bb6b-3d962554a12a">See above (Patient/c2743a4b-66aa-4f9c-bb6b-3d962554a12a)</a></p><p><b>performer</b>: <a href="#Practitioner_a9d8fc7d-f99d-419e-8c51-f57884c59540">See above (urn:uuid:a9d8fc7d-f99d-419e-8c51-f57884c59540)</a></p><p><b>value</b>: Patient awaiting investigation <span style="background: LightGoldenRodYellow; margin: 4px; border: 1px solid khaki"> (<a href="https://browser.ihtsdotools.org/">SNOMED CT</a>#185973002)</span></p></div>
        </text>
        <status value="final"/>
        <code>
          <coding>
            <system value="http://loinc.org"/>
            <code value="69449-7"/>
            <display value="Manner of death"/>
          </coding>
        </code>
        <subject>
          <reference value="Patient/c2743a4b-66aa-4f9c-bb6b-3d962554a12a"/>
        </subject>
        <performer>
          <reference value="urn:uuid:a9d8fc7d-f99d-419e-8c51-f57884c59540"/>
        </performer>
        <valueCodeableConcept>
          <coding>
            <system value="http://snomed.info/sct"/>
            <code value="185973002"/>
            <display value="Patient awaiting investigation"/>
          </coding>
        </valueCodeableConcept>
      </Observation>
    </resource>
  </entry>
  <entry>
    <fullUrl value="urn:uuid:4b670bae-5ce2-4d8f-b13f-70e8489014f1"/>
    <resource>
      <Observation>
        <id value="4b670bae-5ce2-4d8f-b13f-70e8489014f1"/>
        <meta>
          <versionId value="1"/>
          <lastUpdated value="2023-12-28T15:14:44.5900371+00:00"/>
          <source value="EDRS-IJE:Bundle/0ff2b28c-7c2b-46e1-8e30-4e0d78c4e816"/>
          <profile value="http://hl7.org/fhir/us/vrdr/StructureDefinition/vrdr-input-race-and-ethnicity"/>
        </meta>
        <text>
          <status value="generated"/><div xmlns="http://www.w3.org/1999/xhtml"><p><b>Generated Narrative: Observation</b><a name="4b670bae-5ce2-4d8f-b13f-70e8489014f1"> </a></p><div style="display: inline-block; background-color: #d9e0e7; padding: 6px; margin: 4px; border: 1px solid #8da1b4; border-radius: 5px; line-height: 60%"><p style="margin-bottom: 0px">Resource Observation &quot;4b670bae-5ce2-4d8f-b13f-70e8489014f1&quot; Version &quot;1&quot; Updated &quot;2023-12-28 15:14:44+0000&quot; </p><p style="margin-bottom: 0px">Information Source: EDRS-IJE:Bundle/0ff2b28c-7c2b-46e1-8e30-4e0d78c4e816!</p><p style="margin-bottom: 0px">Profile: <a href="https://build.fhir.org/ig/HL7/vrdr//StructureDefinition-vrdr-input-race-and-ethnicity.html">Input Race and Ethnicity</a></p></div><p><b>status</b>: final</p><p><b>code</b>: Input Race and Ethnicity <span style="background: LightGoldenRodYellow; margin: 4px; border: 1px solid khaki"> (<a href="https://build.fhir.org/ig/HL7/vrdr//CodeSystem-vrdr-observations-cs.html">Local Observation Codes</a>#inputraceandethnicity)</span></p><p><b>subject</b>: <a href="#Patient_c2743a4b-66aa-4f9c-bb6b-3d962554a12a">See above (Patient/c2743a4b-66aa-4f9c-bb6b-3d962554a12a)</a></p><blockquote><p><b>component</b></p><p><b>code</b>: White <span style="background: LightGoldenRodYellow; margin: 4px; border: 1px solid khaki"> (<a href="https://build.fhir.org/ig/HL7/vrdr//CodeSystem-vrdr-component-cs.html">Local Component Codes</a>#White)</span></p><p><b>value</b>: true</p></blockquote><blockquote><p><b>component</b></p><p><b>code</b>: Black Or African American <span style="background: LightGoldenRodYellow; margin: 4px; border: 1px solid khaki"> (<a href="https://build.fhir.org/ig/HL7/vrdr//CodeSystem-vrdr-component-cs.html">Local Component Codes</a>#BlackOrAfricanAmerican)</span></p><p><b>value</b>: false</p></blockquote><blockquote><p><b>component</b></p><p><b>code</b>: American Indian Or Alaskan Native <span style="background: LightGoldenRodYellow; margin: 4px; border: 1px solid khaki"> (<a href="https://build.fhir.org/ig/HL7/vrdr//CodeSystem-vrdr-component-cs.html">Local Component Codes</a>#AmericanIndianOrAlaskanNative)</span></p><p><b>value</b>: true</p></blockquote><blockquote><p><b>component</b></p><p><b>code</b>: Asian Indian <span style="background: LightGoldenRodYellow; margin: 4px; border: 1px solid khaki"> (<a href="https://build.fhir.org/ig/HL7/vrdr//CodeSystem-vrdr-component-cs.html">Local Component Codes</a>#AsianIndian)</span></p><p><b>value</b>: false</p></blockquote><blockquote><p><b>component</b></p><p><b>code</b>: Chinese <span style="background: LightGoldenRodYellow; margin: 4px; border: 1px solid khaki"> (<a href="https://build.fhir.org/ig/HL7/vrdr//CodeSystem-vrdr-component-cs.html">Local Component Codes</a>#Chinese)</span></p><p><b>value</b>: false</p></blockquote><blockquote><p><b>component</b></p><p><b>code</b>: Filipino <span style="background: LightGoldenRodYellow; margin: 4px; border: 1px solid khaki"> (<a href="https://build.fhir.org/ig/HL7/vrdr//CodeSystem-vrdr-component-cs.html">Local Component Codes</a>#Filipino)</span></p><p><b>value</b>: false</p></blockquote><blockquote><p><b>component</b></p><p><b>code</b>: Japanese <span style="background: LightGoldenRodYellow; margin: 4px; border: 1px solid khaki"> (<a href="https://build.fhir.org/ig/HL7/vrdr//CodeSystem-vrdr-component-cs.html">Local Component Codes</a>#Japanese)</span></p><p><b>value</b>: false</p></blockquote><blockquote><p><b>component</b></p><p><b>code</b>: Korean <span style="background: LightGoldenRodYellow; margin: 4px; border: 1px solid khaki"> (<a href="https://build.fhir.org/ig/HL7/vrdr//CodeSystem-vrdr-component-cs.html">Local Component Codes</a>#Korean)</span></p><p><b>value</b>: false</p></blockquote><blockquote><p><b>component</b></p><p><b>code</b>: Vietnamese <span style="background: LightGoldenRodYellow; margin: 4px; border: 1px solid khaki"> (<a href="https://build.fhir.org/ig/HL7/vrdr//CodeSystem-vrdr-component-cs.html">Local Component Codes</a>#Vietnamese)</span></p><p><b>value</b>: false</p></blockquote><blockquote><p><b>component</b></p><p><b>code</b>: Other Asian <span style="background: LightGoldenRodYellow; margin: 4px; border: 1px solid khaki"> (<a href="https://build.fhir.org/ig/HL7/vrdr//CodeSystem-vrdr-component-cs.html">Local Component Codes</a>#OtherAsian)</span></p><p><b>value</b>: false</p></blockquote><blockquote><p><b>component</b></p><p><b>code</b>: Native Hawaiian <span style="background: LightGoldenRodYellow; margin: 4px; border: 1px solid khaki"> (<a href="https://build.fhir.org/ig/HL7/vrdr//CodeSystem-vrdr-component-cs.html">Local Component Codes</a>#NativeHawaiian)</span></p><p><b>value</b>: false</p></blockquote><blockquote><p><b>component</b></p><p><b>code</b>: Guamanian Or Chamorro <span style="background: LightGoldenRodYellow; margin: 4px; border: 1px solid khaki"> (<a href="https://build.fhir.org/ig/HL7/vrdr//CodeSystem-vrdr-component-cs.html">Local Component Codes</a>#GuamanianOrChamorro)</span></p><p><b>value</b>: false</p></blockquote><blockquote><p><b>component</b></p><p><b>code</b>: Samoan <span style="background: LightGoldenRodYellow; margin: 4px; border: 1px solid khaki"> (<a href="https://build.fhir.org/ig/HL7/vrdr//CodeSystem-vrdr-component-cs.html">Local Component Codes</a>#Samoan)</span></p><p><b>value</b>: false</p></blockquote><blockquote><p><b>component</b></p><p><b>code</b>: Other Pacific Islander <span style="background: LightGoldenRodYellow; margin: 4px; border: 1px solid khaki"> (<a href="https://build.fhir.org/ig/HL7/vrdr//CodeSystem-vrdr-component-cs.html">Local Component Codes</a>#OtherPacificIslander)</span></p><p><b>value</b>: false</p></blockquote><blockquote><p><b>component</b></p><p><b>code</b>: Other Race <span style="background: LightGoldenRodYellow; margin: 4px; border: 1px solid khaki"> (<a href="https://build.fhir.org/ig/HL7/vrdr//CodeSystem-vrdr-component-cs.html">Local Component Codes</a>#OtherRace)</span></p><p><b>value</b>: false</p></blockquote><blockquote><p><b>component</b></p><p><b>code</b>: FirstAmericanIndianOrAlaskanNativeLiteral <span style="background: LightGoldenRodYellow; margin: 4px; border: 1px solid khaki"> (<a href="https://build.fhir.org/ig/HL7/vrdr//CodeSystem-vrdr-component-cs.html">Local Component Codes</a>#FirstAmericanIndianOrAlaskanNativeLiteral)</span></p><p><b>value</b>: Cheyenne</p></blockquote><blockquote><p><b>component</b></p><p><b>code</b>: Hispanic Mexican <span style="background: LightGoldenRodYellow; margin: 4px; border: 1px solid khaki"> (<a href="https://build.fhir.org/ig/HL7/vrdr//CodeSystem-vrdr-component-cs.html">Local Component Codes</a>#HispanicMexican)</span></p><p><b>value</b>: No <span style="background: LightGoldenRodYellow; margin: 4px; border: 1px solid khaki"> (<a href="http://hl7.org/fhir/R4/v2/0136/index.html">v2 Y/N Indicator</a>#N)</span></p></blockquote><blockquote><p><b>component</b></p><p><b>code</b>: Hispanic Puerto Rican <span style="background: LightGoldenRodYellow; margin: 4px; border: 1px solid khaki"> (<a href="https://build.fhir.org/ig/HL7/vrdr//CodeSystem-vrdr-component-cs.html">Local Component Codes</a>#HispanicPuertoRican)</span></p><p><b>value</b>: No <span style="background: LightGoldenRodYellow; margin: 4px; border: 1px solid khaki"> (<a href="http://hl7.org/fhir/R4/v2/0136/index.html">v2 Y/N Indicator</a>#N)</span></p></blockquote><blockquote><p><b>component</b></p><p><b>code</b>: Hispanic Cuban <span style="background: LightGoldenRodYellow; margin: 4px; border: 1px solid khaki"> (<a href="https://build.fhir.org/ig/HL7/vrdr//CodeSystem-vrdr-component-cs.html">Local Component Codes</a>#HispanicCuban)</span></p><p><b>value</b>: No <span style="background: LightGoldenRodYellow; margin: 4px; border: 1px solid khaki"> (<a href="http://hl7.org/fhir/R4/v2/0136/index.html">v2 Y/N Indicator</a>#N)</span></p></blockquote><blockquote><p><b>component</b></p><p><b>code</b>: Hispanic Other <span style="background: LightGoldenRodYellow; margin: 4px; border: 1px solid khaki"> (<a href="https://build.fhir.org/ig/HL7/vrdr//CodeSystem-vrdr-component-cs.html">Local Component Codes</a>#HispanicOther)</span></p><p><b>value</b>: No <span style="background: LightGoldenRodYellow; margin: 4px; border: 1px solid khaki"> (<a href="http://hl7.org/fhir/R4/v2/0136/index.html">v2 Y/N Indicator</a>#N)</span></p></blockquote></div>
        </text>
        <status value="final"/>
        <code>
          <coding>
            <system value="http://hl7.org/fhir/us/vrdr/CodeSystem/vrdr-observations-cs"/>
            <code value="inputraceandethnicity"/>
            <display value="Input Race and Ethnicity"/>
          </coding>
        </code>
        <subject>
          <reference value="Patient/c2743a4b-66aa-4f9c-bb6b-3d962554a12a"/>
        </subject>
        <component>
          <code>
            <coding>
              <system value="http://hl7.org/fhir/us/vrdr/CodeSystem/vrdr-component-cs"/>
              <code value="White"/>
              <display value="White"/>
            </coding>
          </code>
          <valueBoolean value="true"/>
        </component>
        <component>
          <code>
            <coding>
              <system value="http://hl7.org/fhir/us/vrdr/CodeSystem/vrdr-component-cs"/>
              <code value="BlackOrAfricanAmerican"/>
              <display value="Black Or African American"/>
            </coding>
          </code>
          <valueBoolean value="false"/>
        </component>
        <component>
          <code>
            <coding>
              <system value="http://hl7.org/fhir/us/vrdr/CodeSystem/vrdr-component-cs"/>
              <code value="AmericanIndianOrAlaskanNative"/>
              <display value="American Indian Or Alaskan Native"/>
            </coding>
          </code>
          <valueBoolean value="true"/>
        </component>
        <component>
          <code>
            <coding>
              <system value="http://hl7.org/fhir/us/vrdr/CodeSystem/vrdr-component-cs"/>
              <code value="AsianIndian"/>
              <display value="Asian Indian"/>
            </coding>
          </code>
          <valueBoolean value="false"/>
        </component>
        <component>
          <code>
            <coding>
              <system value="http://hl7.org/fhir/us/vrdr/CodeSystem/vrdr-component-cs"/>
              <code value="Chinese"/>
              <display value="Chinese"/>
            </coding>
          </code>
          <valueBoolean value="false"/>
        </component>
        <component>
          <code>
            <coding>
              <system value="http://hl7.org/fhir/us/vrdr/CodeSystem/vrdr-component-cs"/>
              <code value="Filipino"/>
              <display value="Filipino"/>
            </coding>
          </code>
          <valueBoolean value="false"/>
        </component>
        <component>
          <code>
            <coding>
              <system value="http://hl7.org/fhir/us/vrdr/CodeSystem/vrdr-component-cs"/>
              <code value="Japanese"/>
              <display value="Japanese"/>
            </coding>
          </code>
          <valueBoolean value="false"/>
        </component>
        <component>
          <code>
            <coding>
              <system value="http://hl7.org/fhir/us/vrdr/CodeSystem/vrdr-component-cs"/>
              <code value="Korean"/>
              <display value="Korean"/>
            </coding>
          </code>
          <valueBoolean value="false"/>
        </component>
        <component>
          <code>
            <coding>
              <system value="http://hl7.org/fhir/us/vrdr/CodeSystem/vrdr-component-cs"/>
              <code value="Vietnamese"/>
              <display value="Vietnamese"/>
            </coding>
          </code>
          <valueBoolean value="false"/>
        </component>
        <component>
          <code>
            <coding>
              <system value="http://hl7.org/fhir/us/vrdr/CodeSystem/vrdr-component-cs"/>
              <code value="OtherAsian"/>
              <display value="Other Asian"/>
            </coding>
          </code>
          <valueBoolean value="false"/>
        </component>
        <component>
          <code>
            <coding>
              <system value="http://hl7.org/fhir/us/vrdr/CodeSystem/vrdr-component-cs"/>
              <code value="NativeHawaiian"/>
              <display value="Native Hawaiian"/>
            </coding>
          </code>
          <valueBoolean value="false"/>
        </component>
        <component>
          <code>
            <coding>
              <system value="http://hl7.org/fhir/us/vrdr/CodeSystem/vrdr-component-cs"/>
              <code value="GuamanianOrChamorro"/>
              <display value="Guamanian Or Chamorro"/>
            </coding>
          </code>
          <valueBoolean value="false"/>
        </component>
        <component>
          <code>
            <coding>
              <system value="http://hl7.org/fhir/us/vrdr/CodeSystem/vrdr-component-cs"/>
              <code value="Samoan"/>
              <display value="Samoan"/>
            </coding>
          </code>
          <valueBoolean value="false"/>
        </component>
        <component>
          <code>
            <coding>
              <system value="http://hl7.org/fhir/us/vrdr/CodeSystem/vrdr-component-cs"/>
              <code value="OtherPacificIslander"/>
              <display value="Other Pacific Islander"/>
            </coding>
          </code>
          <valueBoolean value="false"/>
        </component>
        <component>
          <code>
            <coding>
              <system value="http://hl7.org/fhir/us/vrdr/CodeSystem/vrdr-component-cs"/>
              <code value="OtherRace"/>
              <display value="Other Race"/>
            </coding>
          </code>
          <valueBoolean value="false"/>
        </component>
        <component>
          <code>
            <coding>
              <system value="http://hl7.org/fhir/us/vrdr/CodeSystem/vrdr-component-cs"/>
              <code value="FirstAmericanIndianOrAlaskanNativeLiteral"/>
              <display value="FirstAmericanIndianOrAlaskanNativeLiteral"/>
            </coding>
          </code>
          <valueString value="Cheyenne"/>
        </component>
        <component>
          <code>
            <coding>
              <system value="http://hl7.org/fhir/us/vrdr/CodeSystem/vrdr-component-cs"/>
              <code value="HispanicMexican"/>
              <display value="Hispanic Mexican"/>
            </coding>
          </code>
          <valueCodeableConcept>
            <coding>
              <system value="http://terminology.hl7.org/CodeSystem/v2-0136"/>
              <code value="N"/>
              <display value="No"/>
            </coding>
          </valueCodeableConcept>
        </component>
        <component>
          <code>
            <coding>
              <system value="http://hl7.org/fhir/us/vrdr/CodeSystem/vrdr-component-cs"/>
              <code value="HispanicPuertoRican"/>
              <display value="Hispanic Puerto Rican"/>
            </coding>
          </code>
          <valueCodeableConcept>
            <coding>
              <system value="http://terminology.hl7.org/CodeSystem/v2-0136"/>
              <code value="N"/>
              <display value="No"/>
            </coding>
          </valueCodeableConcept>
        </component>
        <component>
          <code>
            <coding>
              <system value="http://hl7.org/fhir/us/vrdr/CodeSystem/vrdr-component-cs"/>
              <code value="HispanicCuban"/>
              <display value="Hispanic Cuban"/>
            </coding>
          </code>
          <valueCodeableConcept>
            <coding>
              <system value="http://terminology.hl7.org/CodeSystem/v2-0136"/>
              <code value="N"/>
              <display value="No"/>
            </coding>
          </valueCodeableConcept>
        </component>
        <component>
          <code>
            <coding>
              <system value="http://hl7.org/fhir/us/vrdr/CodeSystem/vrdr-component-cs"/>
              <code value="HispanicOther"/>
              <display value="Hispanic Other"/>
            </coding>
          </code>
          <valueCodeableConcept>
            <coding>
              <system value="http://terminology.hl7.org/CodeSystem/v2-0136"/>
              <code value="N"/>
              <display value="No"/>
            </coding>
          </valueCodeableConcept>
        </component>
      </Observation>
    </resource>
  </entry>
</Bundle>